beta,q10_rh,f_litterd,f_nppv,f_nppd
0.7646538219414651,6.105045462027192,0.9095160708471153,0.07937591759485435,0.9176062623278747
0.44967931788414717,9.50622919946909,0.9999999999773389,0.004093573561716345,0.9949096840430871
0.5439404968637973,0.5328784696757793,0.8832916626593916,0.00527682090376722,0.9947231784085862
0.7552830798085779,7.922841229010373,0.9997423199054192,0.8197839559900052,0.18021604400970798
0.14412496099248528,3.347063949331641,0.999961588090263,0.3487688148875167,0.6512311851116588
0.01095240586437285,7.608798195142299,0.9999702842625962,0.48884183494092426,0.511125602982515
0.5630024753045291,2.472890520002693,0.9999989372745437,0.9872212794835755,0.012778720516424428
0.31056999904103577,6.439247627276927,0.9999999999998753,0.5115735226193362,0.48841409683589676
0.461190446279943,3.2818135246634483,0.9999923393559973,0.036272881205139454,0.24042154453215395
0.2623179918155074,9.87555860541761,0.9999997468110198,0.42729406157108896,0.5727059234271897
0.21530293370597064,6.4707503956742585,0.9950653469420463,0.9560219019815158,0.04397809801797621
0.390812483150512,9.308416722342372,0.9995288071668704,0.9330795683505482,0.06571907473968192
0.03610119828954339,2.625594916753471,0.9784560186148398,0.20057878255143322,0.421231488938581
0.18994815950281918,3.31067563733086,0.9999963793077414,0.07377932417216318,0.9195922945257088
0.1119759394787252,0.7028239662759006,0.9993038220051523,0.2237895365040044,0.7412792864001793
0.2401636834256351,6.785188319627196,0.9999999980073884,0.9916294407335513,0.008370559266443638
0.893898535752669,1.7326568718999624,0.9999999999996718,0.03125603287564415,0.6541553597137331
0.527355840895325,1.7737175221554935,0.9759389405599612,0.04358384158480208,0.9564161582502017
0.8788810544647276,2.6711114356294274,0.9989773924241508,0.9679331289849318,0.032066871014983886
0.6865907157771289,3.3271958492696285,0.9999999999914989,0.13214223683937348,0.8591591307094238
0.394797392655164,1.3020540098659694,0.9999999999999938,0.023397743716335434,0.9766009073399156
0.03224383620545268,4.867614209651947,0.9999900738671377,0.9958352431693914,0.0041647568196688045
0.16741594090126455,7.273891498334706,0.9999999939314667,0.5864824378249227,0.4135008357890028
0.07703299913555384,1.420712093822658,0.9983419213285087,0.19458161879200078,0.8054182691772739
0.7900324147194624,6.009359546005726,0.9999999999999992,0.09232964455155662,0.7776153364226827
0.0047474505845457315,8.907596440985799,0.9950864434628627,0.34687696181895145,0.6531230381782843
0.7112133514601737,7.9467966803349555,0.9999999999976312,0.37174193081219237,0.4213760006294248
0.4042634814977646,8.881740930955857,0.9999254672790849,0.006494443048404878,0.9014669505687318
0.07633723434992135,3.235207055695355,0.9999999999999999,0.04064604107496571,0.9593539550072404
0.6009663036093116,8.396159573458135,0.9999999196000737,0.7974294780307168,0.20110330306279947
0.032244380097836256,1.040691970847547,0.9999999061901009,0.03925830599889947,0.9607416939839781
0.2267065206542611,0.2528581744991243,0.9995881099973793,0.1284111338266582,0.8715888661733339
0.659090765286237,4.544429543893784,0.8929820916984704,5.055961052707652e-4,0.9994944038840281
0.5137358349747956,2.2436918248422444,0.9999197907750301,4.259434060227727e-4,0.9995740565868372
0.9537086645141244,0.48769201850518584,0.9995420659879221,0.7589743507809442,0.24102564921855657
0.9843789383303374,4.174948127474636,0.9999999998662994,0.5761582816921654,0.37958360442432887
0.21752825286239386,7.473544827662408,0.9998455126759217,0.21621385153237666,0.7837860750344182
0.6188113251700997,3.932930426672101,0.999999978709072,0.5098977452224691,0.2535628883499226
0.7715083945076913,9.815040864050388,0.9999999999950901,0.5022881336920206,0.49362325306872534
0.9580828021280468,0.2044126484543085,0.9999999999889313,0.013685326739472644,0.9863144348555092
0.4824000089429319,9.197458762209862,0.8669050260389606,2.0819905234124625e-9,0.9999999979180093
0.1052673258818686,5.442616285290569,0.9999999999999942,0.008654627024340517,0.9913453729756594
0.1718469224870205,5.267464825883508,1,0.29630929062176875,0.5496047788629667
0.9105813868809491,1.4698728919029236,0.9992918215653751,0.6632033188301778,0.3367966786127204
0.5400265194475651,8.11107306741178,0.9999998649259099,0.6673692036558442,0.3326307963265258
0.7523047311697155,4.6356785274110734,0.9999711302567088,3.188014610713509e-8,0.9999999681198539
0.5497920322231948,9.205787987448275,0.9999999838726144,0.13485318382112704,0.2267090626407022
0.9883187140803784,1.366752095054835,0.9401668794974855,0.9962477462874475,0.0037522537125424145
0.09731630166061223,5.967104649171233,0.9996975991719932,0.7244733986613894,0.013509684126595452
0.8137168693356216,2.509471441153437,0.9999822470900596,0.3015015164642006,0.6969647951930502
0.7739340073894709,3.028451513964683,0.8976627140800862,5.83347556156839e-4,0.9983795889590737
0.5477963965386152,5.804481427185237,0.9999975349295482,0.04664001946559484,0.9533599779444402
0.31723415036685765,2.754841896239668,0.9992315828472721,2.7786094912165307e-4,0.9997221220859841
0.00723220594227314,0.09078937349840999,0.9999999997472216,0.9465435146583694,0.053456485341630514
0.47844573808833957,1.15851195063442,0.999977782153402,0.7339775054174899,0.26602249224072205
0.9934912994503975,7.172989905811846,0.9999999999980425,0.0066936763937479864,0.9933063236062513
0.5638674863148481,9.389712621923536,0.9999999937211925,0.03974902971657844,0.9602509702834215
0.25650729169137776,1.245412747375667,0.9853388886349835,0.3360675224801739,0.6639324441502332
0.6423349541146308,7.889908612705767,0.9557744180943314,0.49618710596101473,0.5038128940389853
0.8345961370505393,9.106228935997933,0.9699353939228516,0.12274444830320072,0.36665336539419335
0.7483556349761784,4.890363817103207,0.9978718570205983,0.0022660788806914836,0.997733919164607
0.40881393710151315,9.604405513964593,0.9999408154963153,0.17488050528931606,0.82315683694036
0.10817480646073818,7.034239855129272,0.9999128315766472,0.020288322218277564,0.9797116711487008
0.6503051067702472,7.6017118617892265,0.860585695014864,0.1698110723891311,0.8301889276108688
0.014163136249408126,4.474414957221597,0.9999999963064194,0.002292968440734172,0.9977070315592658
0.9397548004053533,7.046701116487384,0.9999999135418406,0.7912790382748807,0.20872096172511798
0.21795781631954014,8.332896097563207,0.9999999999999184,0.7992139985786213,0.2007860013091034
0.5381763225886971,8.948464104905725,0.9986045136879833,0.030008423850732477,0.677935536429005
0.9457964319735765,7.498139766976237,0.9999994536369117,0.09102048397607748,0.9089795160239226
0.3329637630376965,7.006664739456028,0.9999861782127247,3.6194116597833886e-5,0.9879056677411694
0.32671217853203416,8.260950278490782,0.9999999999996195,0.01459301043054619,0.9854069895480546
0.5317114642821252,5.431551046203822,0.9994918511754709,0.26849144050982654,0.6385712324738584
0.8584606840740889,2.5278296414762735,0.998926404252989,0.4771394849148016,0.5228605150612202
0.3244829848408699,9.195504018571228,0.9555515806062135,0.8280267002107672,0.006144289186142374
0.39452829607762396,8.251158916391432,0.994173467568692,0.4918123505056815,0.5081851483038436
0.9575035718735307,4.898753364104778,0.8428484169951623,0.2757539838703502,0.7108573664847707
0.7737410282716155,8.5457234387286,1,0.3544642072693314,0.6430297749822692
0.0178108683321625,7.172936541028321,0.7897318598641064,3.358300146489771e-4,0.9996641697986518
0.7066440684720874,6.713837545830756,0.9999999996244479,0.007154329464837759,0.9928456705351624
0.04033493855968118,5.642811530269682,0.9999999999999999,0.9877803297097523,0.012219670290179861
0.7561705377884209,8.96915566874668,0.9998675599083691,0.27030317149201805,0.7296968240329541
0.7111419343855232,8.651586647611111,0.9999986280170473,0.40065558157163056,0.5993444184149945
0.25958983320742846,2.830869066528976,0.9999999999999686,0.016140271025897428,0.9838597285276014
0.3528456059284508,4.78221187600866,0.9999999999999949,0.9543906760381257,0.04558701347536338
0.7231102958321571,4.801483447663486,0.9996945566707839,0.34868247599991886,0.63721838270597
0.9875547722913325,3.7984426971524954,0.9999648074197928,0.262514941056293,0.7374319356307367
0.2795794194098562,7.1444528410211205,0.9995112785566148,1.1794348284971836e-4,0.9998820565171502
0.24387890682555735,2.687263262923807,0.9981568003898439,0.9920389387264246,0.007961054435664043
0.6145741015207022,5.526653204578906,0.9999330529216917,0.10641234477524972,0.893514169578102
0.2396413334645331,9.08675768878311,0.9833237861633305,0.05623775794066326,0.9437622420593367
0.8839837990235537,6.388725955039263,0.8491968443567127,0.999045008745398,4.220052396168415e-4
0.0022358433343470097,1.6614664951339364,0.9999999999977343,0.7646255797740626,0.2353744202259373
0.6473475089296699,1.5738980239257216,1,0.08016621818451992,0.9198337818154801
0.6749401506967843,4.35353365028277,0.9998936010610655,0.5133357410668257,0.4866642589331744
0.4688453490380198,5.477661597542465,0.9895905164683253,0.6027875863816012,0.39721241361839876
0.13485050457529724,3.2141014421358705,0.999999998737343,0.40194919108641486,0.598050808901575
0.49026978970505297,8.664837875403464,0.9978554009323217,0.9215515544201929,0.07844413530188606
0.5746416745241731,0.45497827231884,0.9709259880446263,0.8670363092617289,0.13296369073827108
0.6942392382770777,0.9884047694504261,0.9999999796350227,0.9315333915263598,0.058771639096473455
0.5298681068234146,8.884080620482564,0.99999999973899,0.01908995210270061,0.980909456290827
0.17791073746047914,0.30818180413916707,0.9999556126189832,0.14200273098194846,0.8579972690180515
0.31781245372258127,6.139692801516503,1,0.302947996013647,0.583691242490198
0.7188365296460688,8.144951285794377,0.9819341784797211,0.0029845354791911546,0.9970154645196425
0.43949700333178043,7.475486397743225,0.9866068100137532,0.017918360773472326,0.7219296442616434
0.9177102702669799,0.4789807857014239,0.9999999996148817,0.07412379620125337,0.9239641443889279
0.6810716309119016,7.5250014453195035,0.9999999995335221,0.505701407434663,0.48482557986127345
0.7309575935360044,7.7276616753079,0.9828205770673257,0.9193301087816763,0.08066989082815036
0.668525863206014,4.596764997113496,1,0.02702232564797768,0.9242913684749353
0.009337764233350754,2.948537713382393,0.9999998862498334,0.0018600932238626734,0.9981399067742575
0.46956521086394787,1.3084571133367717,0.9999287996814628,0.41667308470841746,0.5833269090574087
0.4342773293610662,2.325146780349314,0.9999999999990594,0.867435581594081,0.132564418405919
0.45568740484304726,7.724877642467618,0.9999953054052829,0.7530037742585531,0.16243798315396618
0.9034427430015057,6.761669279076159,0.9999625696233863,0.817000935692206,0.18299906430779397
0.140770744998008,8.748401338234544,0.9995594143124465,0.509633287670787,0.4903667084677146
0.39122511981986463,8.0027367756702,0.9999999999999964,0.6256557874197732,0.37434411081475033
0.6185260615311563,6.349101171363145,0.9999999813745938,0.18578504511712032,0.8142149466270245
0.6671645327005535,1.1201010248623788,0.9999926709700657,9.46900313263306e-7,0.9999990530996867
0.4298402722924948,4.7905597276985645,0.9955432241060411,5.099695383790999e-6,0.17336925528625075
0.8888021470047534,7.678778446279466,0.9999999999969268,0.8368984767182852,0.1630737018046349
0.013240003725513816,8.078833208419383,0.9995265456833029,0.020659802472137154,0.9793401975278628
0.4825999003369361,4.588632208760828,0.9997614689395358,0.4984594131858621,0.2821883293482502
0.3663260929752141,5.163103202357888,1,0.09664252250774595,0.903357477492254
0.40717895049601793,5.783010870218277,0.9999999825247773,0.004435437384300686,0.9949936912182842
0.058117026928812265,7.490155738778412,1,0.7349058866840794,0.2649261818791412
0.08150476706214249,8.64109284710139,0.9999887469559858,0.44915495508325837,0.5471025667950565
0.5269736845511943,8.934403783641756,0.9999994085807339,0.8964448880704253,0.10355506744078836
0.7905699617695063,5.518400294240564,0.9999934775911266,0.7824288079780819,0.2174588077195541
0.6386508578434587,5.260461673606187,0.9993752915003692,3.391783942233993e-5,0.9999660821605776
0.6931210863403976,4.1217891639098525,0.9996170350203336,0.8814806702047813,0.11783554927748584
0.2702143720816821,9.627105968538672,0.9999999999995564,0.09222438706151594,0.9077756126196453
0.8312952935229987,7.082730291876942,0.9999908248852677,0.001424195694365184,0.9985758043049516
0.10066899051889777,2.539850741159171,0.9990236048021156,0.4350572557708554,0.5649401894744864
0.9995251691434532,3.2424841937609017,0.9999999998649752,0.1491200399077197,0.8508799599932344
0.5676296523306519,6.664148876443505,0.9947550603702725,0.12540420331029112,0.8745957966317359
0.9099996404256672,9.634029057342559,0.995664660553023,0.07125961846477998,0.9287403767235672
0.47510380088351667,8.87988161528483,0.9989515085044723,0.2680660661089085,0.7319339338910761
0.1439123882446438,1.7606437392532825,0.9999513287851407,0.37747590967681355,0.6216774211515711
0.8206479151267558,8.178041053470224,0.9999986218945013,0.8716689298391729,0.12823362558137685
0.08070948696695268,2.251491378992796,0.9867597403167457,0.7718984691801009,0.214249963790218
0.46425616019405425,4.064082051627338,0.9999999908320764,0.9996351873380966,3.6481266190110766e-4
0.40821355232037604,3.477166013326496,0.9976326899534881,0.19519842954712488,0.48528807178256134
0.044371287571266294,4.359976958949119,0.9999880776211972,0.022392187593771998,0.9776078124062281
0.7845003085676581,7.540264583658427,0.9999999999416153,0.04875756300380487,0.9512289516221815
0.7974925644230098,8.928127107210457,0.9999393320478284,0.18221603858161473,0.8024049267759421
0.08607306098565459,5.570921848993748,0.9900787265090458,0.14979022685803844,0.7908139795611095
0.0985836626496166,3.4711908153258264,0.9999991132864944,0.261172898808012,0.7386321142016852
0.7179039402399212,0.9576166677288711,0.9999580949203085,0.9392538405887649,0.026195724928763146
0.0405194996856153,5.058473197277635,0.9752444775828782,0.0031228974154277676,0.9625427142722768
0.613337934250012,4.16147020412609,0.9676128668921884,0.01772257630773377,0.982276495286572
0.1601762983482331,2.230477686971426,0.9999995730409234,0.748041420204147,0.25195857979585295
0.39062664145603776,9.572521653026342,0.9888688484906293,0.33623261549777206,0.6517137310329935
0.9676841557957232,4.634313208516687,0.9998947110025526,7.958392218010595e-5,0.9999160237499822
0.012073620455339551,8.38313302025199,0.9992908107732782,0.07823598918572014,0.9217640108080333
0.8763115999754518,5.811638787854463,0.9888280760618902,0.004963011950934033,0.9947880719024331
0.4314975587185472,0.95235176384449,0.9999999999991318,0.7338840672830965,0.2661159326630099
0.8000992683228105,8.854574798606336,1,0.012234608152214393,0.7959355299875579
0.5227613260503858,6.149310788605362,0.999928431342126,0.9072017644225489,5.662019182207878e-5
0.7749768730718642,7.666938477195799,0.998610549940125,0.11204332944881736,0.887956670549352
0.5097800046205521,9.113567941822112,0.9999999999919296,0.9175214642359021,0.08247853576409771
0.444240735610947,2.264302542898804,0.9999999999999647,0.05807284507434173,0.9419241952177815
0.503088092431426,7.631384111009538,0.8712474405935832,0.015337863833207897,0.9842375084931507
0.7128498652018607,5.234188511967659,0.9999799250534446,0.530361321612121,0.469638678387879
0.4084981095511466,9.657612580340356,0.995119510718171,0.20908409312172163,0.7767128992322023
0.0821318831294775,4.273045740555972,0.9999999999999989,0.040562580812627806,0.9594374188590142
0.10774482297711074,8.752161094453186,0.9999999685494505,0.5168233519546049,0.4831765785635734
0.17010745429433882,5.660877311602235,0.947378584515462,0.3359669543062539,0.6640330450849171
0.3014167358633131,5.386355079244822,0.9990580051393388,0.5480944582690327,0.45188703638683214
0.9628588724881411,4.220434194430709,0.980953715944255,0.24413246989921303,0.755816768451111
0.4474942102096975,0.9861744404770434,0.9999999999432186,0.1494788355906212,0.8460101046890323
0.18769979081116617,5.590847092680633,0.9999999999947636,1.958107885226731e-5,0.9999804189211268
0.4076917606871575,5.016803038306534,0.9999999999663549,0.47834392931044245,0.5216560706894614
0.6235945727676153,9.573000359814614,0.9999999976673115,0.5230329962136738,0.4769670037829846
0.29784707841463387,0.15522636007517576,0.9996092145471459,3.1176104105972585e-4,0.9996878310224202
0.601736506447196,4.140618818346411,0.9999999999930487,6.004189156134747e-4,0.9993995810843866
0.7165787210687995,0.1410851744003594,0.9998612882518633,0.6425694812118048,0.34307303119929344
0.791762231150642,7.992747975513339,0.39973920575900707,0.8493730019277184,0.15062699801987112
0.08878171374090016,7.216508621349931,0.991472017116051,0.050190604084267745,0.9483950002243844
0.9790977325756103,4.97656533960253,0.999999999999998,0.012263358179995886,0.9877366418199106
0.5221224885899574,5.658158315345645,0.169274639886083,0.4419468923220857,0.5580531073108672
0.7241168320178986,4.224228914827108,0.9999989333890058,0.10374109034811568,0.26161235624944307
0.9882773880381137,1.3042109389789402,0.9961450896542476,0.008965097334628653,0.991034734387404
0.38448446267284453,4.39177974127233,0.9788771591940395,0.9217288427339689,0.04483416367573614
0.6084932843223214,6.247262815013528,0.999998869562534,0.14222871770511644,0.8577712822948835
0.8559234850108624,3.0230408324860036,0.8992314237096937,0.7334533727422672,0.2664892926709664
0.7953789769671857,7.104411772452295,0.9961590578563674,5.347830420977304e-4,0.7866643722757292
0.8847558153793216,1.3473531464114785,1,0.36525364025930285,0.6347463597401649
0.021715322975069284,8.610122555401176,0.9999571614225481,0.0012272933429917808,0.9987727066570081
0.8778469956014305,6.6160993790254,0.7154091608226187,0.4954208984869012,0.5045761884078389
0.5700112169142812,2.799896716605872,0.9999959663746855,0.028178515303692742,0.9718214846963072
0.2529207181651145,2.3495672224089503,0.999999999999997,0.0478280489263422,0.9519714101240973
0.20392447616904974,6.702044776175171,0.9999998478836906,0.11250717941836236,0.8636947633494326
0.4413652236107737,9.195827427320182,0.999901026153283,0.16785744701683797,0.8285304170861902
0.10639189602807164,6.613142259884626,0.9999999983591813,0.04042979932332481,0.9556509630539741
0.48677724367007613,9.723546572495252,0.9999999999999999,0.49572322555236037,0.5042767744476396
0.6224335094448179,2.424712427891791,0.9999999995876457,0.1063357207658407,0.5980761692829397
0.3430533253122121,0.8447349141351879,0.9980792684048607,0.14204318193573365,0.857956818057252
0.32520430511794984,6.0630865674465895,0.9997220391806816,0.36170322340985006,0.6382967765901498
0.9233393436297774,9.115647440776229,0.999999992690026,0.41489887947172915,0.5849766297062893
0.8827680321410298,3.825093812774867,0.999999999836675,0.868570660669925,0.1314293384243758
0.4360239238012582,8.364335154183209,0.9517329775224284,0.6182154789358422,0.38178451206778985
0.4850345542654395,7.475869448389858,0.9999999999844144,0.4518635865232508,0.5159762575268471
0.1967196105979383,5.14557285932824,0.9995387571839761,0.2589024644174445,0.07677517838390123
0.6646686680614948,6.050623874180019,1,0.16876625261505224,0.8311820024865874
0.3133607334457338,5.85409942548722,0.9392579321189879,0.042512177996263015,0.8652600748854891
0.7037838464602828,5.192193612456322,0.9999900757800315,0.0791386163674211,0.9208613836322131
0.8363957374822348,0.049326145090162754,0.9999999950008238,0.019514532097465245,0.006379829394752475
0.9445443511940539,3.6052080150693655,0.9999995470795975,0.8569577692005895,0.14304223079940742
0.7364259632304311,5.237415607552975,0.9946822208681163,0.9922229285680746,0.007413624993203963
0.10466414759866893,3.445687019266188,0.9999959920937844,0.9299956823205078,0.06997970283799707
0.24547137506306171,0.2394801052287221,1,0.21118718919081791,0.02292783191504067
0.049767792923375964,0.9385382570326328,0.9742143453429597,0.5917447186202413,0.4082552813287502
0.8560300734825432,0.38743843557313085,0.9999999634977796,0.22498434469943326,0.004220660710079246
0.8236404247581959,5.299455060157925,0.9999999999988873,0.5946765139223978,0.03748419898383826
0.3519295589067042,7.9996256763115525,0.9999999999762814,0.2902230034406947,0.7097769965593053
0.9028862118721008,6.7526719300076365,0.9777560608424816,0.01273739273683498,0.987258080255154
0.2611301722936332,6.141617922112346,0.999893678573147,0.11798915261615495,0.5610695214343899
0.83565145265311,1.6569101181812584,0.9999987034469064,0.016736373134476398,0.956136960239229
0.8028997657820582,3.9056338369846344,0.9338808506547606,0.30500793502945117,0.6949920649705488
0.7768060583621264,6.02773760445416,0.9992073675427594,2.1706333486860442e-4,0.9997829366651313
0.13914667395874858,4.193222450558096,0.9999908561469942,0.40280495794716653,0.597194422382223
0.24434968060813844,1.2176645756699145,0.9531286879317449,0.09098317223019113,0.9090168277698089
0.19081628671847284,4.959782583173364,0.9999999999250871,0.012682807498995358,0.9873171925010046
0.5979854860343039,3.7153063504956663,0.9999999860290051,0.09663929927417095,0.9033607007209606
0.6768327185418457,0.29204899445176125,0.9999999999967184,0.02885569633859409,0.24341076779053372
0.243871062528342,0.6090217921882868,0.9999999998285571,0.021263187517144972,0.4987259687811732
0.22940569277852774,2.1109992521815,0.9999439641634438,0.1055156962356352,0.8944837835639434
0.03188850125297904,1.8949332856573164,0.9999990058169774,0.35441920530850135,0.6451430508103878
0.9074573274701834,1.0142410662956536,0.9755783346715055,0.7768017123726094,0.2231982876052653
0.5688153665978462,6.160042772535235,0.9999601760907998,2.9944114257414985e-5,0.9999519308564341
0.7216596745420247,6.783183058723807,0.9999948076475657,0.994361323224338,0.005638040459651698
0.3645597016438842,9.762746877968311,0.9979387029227311,0.7606947369691661,0.2393043710523426
0.018693420570343733,3.1050885282456875,0.9999557509681163,0.759202927602947,0.24079707238249964
0.2558447609189898,0.17632158938795328,0.9836850036953565,0.28134815174763006,0.7186518482142605
0.2496106564067304,3.4880225313827395,0.9999999961410857,0.8979820912937112,0.10201790870500278
0.41054876637645066,8.744190556462854,0.9773105773294493,0.046334185297658884,0.9536295902465464
0.22777389455586672,3.535388584714383,0.999993765089288,0.7739155276725398,0.2260843702811329
0.0016700068954378366,6.567131229676306,0.9876759205893477,0.008188402776343941,0.9918115972106258
0.45773470727726817,8.988371316809207,0.9993419666576803,0.21446071713423345,0.4154135625740872
0.10038701584562659,3.910313853994012,0.999547753668498,0.9945007874444521,0.005499212281514449
0.97841393109411,9.169666646048427,0.9999999995824489,0.5140890511135839,0.48591094885012515
0.41442134766839445,5.416694306768477,0.999999533285239,0.05416600589334142,0.03970774898604531
0.4837914938107133,2.1598358592018485,0.999995285402549,0.8016922505798529,0.19830774942014712
0.6615615524351597,5.2613907237537205,0.9999999708717224,0.9998853976345117,1.1460113925017226e-4
0.1665434860624373,5.733865178190172,0.9808116636213399,0.016135997665282564,0.9838633227539313
0.6184486700221896,5.851728634443134,0.8705415537985531,0.7045822792509416,0.2954130961734715
0.6413193780463189,4.403447962831706,0.9999999999999994,0.5989241208439264,0.4010758791560735
0.6321871655527502,0.5542053049430251,0.9999877532716979,0.8876429275642812,0.0034400925213472077
0.2270672474987805,5.248493913095444,0.9914264863424664,0.7229029029276102,0.276734361744586
0.10605027340352535,5.821198499761522,1,0.6012283120158184,0.3987716876139316
0.13479027920402586,3.8773975055664778,0.9965999203081554,0.4629254464448026,0.5370745535551941
0.40964853297919035,6.698408818338066,0.9999992450298322,0.701742391654763,0.29818778685095404
0.681905509205535,1.169684026390314,0.9999999996014742,0.0419576804769686,0.9580383975591614
0.5309222205542028,2.2002163785509765,0.9118387750269668,0.7673894486239473,0.23261036694687498
0.05333251226693392,5.869769970886409,0.9999999914543569,0.858425977342294,0.14157402265767233
0.6198388033080846,1.8934159725904465,0.9830004018768453,0.2532765078071174,0.08641419857919086
0.377184190787375,5.681249599438161,1,0.010512270599940981,0.9115722408260317
0.9673648979514837,7.857158491387963,0.7492281837598803,0.048217714641069324,0.9517822853589307
0.1394013580866158,9.706566066015512,0.986759309908922,0.7433929353468399,0.25209030722949094
0.3800536235794425,5.3985781711526215,0.999040075511083,0.7205805656721539,0.27941934814378266
0.3063204057980329,5.63477466115728,0.9999999999999996,1.2401869027445014e-4,0.9990672272549753
0.3287990482058376,8.23823754210025,0.9999999999989582,0.11285833699466813,0.8871416226621691
0.6148692285642028,3.085212546866387,0.9999980166032609,0.5340685663043168,0.4659314336528532
0.026818803045898676,6.166909683961421,0.992380258151664,0.8943785798295631,0.10562142003760046
0.5124680215958506,4.963902798481286,0.999999997481981,0.026399834890501288,0.49189968674700835
0.7577949967235327,8.30844505224377,0.9999994274695689,0.28195938956097927,0.7155503903290451
0.6782096854876727,3.2282006950117648,0.9999944962922828,0.9320136133483181,0.021075307894015426
0.8147024784702808,0.8850952493958175,0.9999999969319031,0.7454469115872566,0.23594795521420237
0.9327631453052163,2.1220070496201515,0.9999999918364525,0.10627583182030101,0.8937124911882532
0.35076975054107606,3.257151886355132,0.9999999999976871,6.445458105247934e-4,0.8556734464034803
0.1248497141059488,4.569623903371394,0.9996189476722276,0.02446723079590097,0.9729980836209595
0.2023493186570704,9.135759237688035,0.7909180013510592,0.48776099971040415,0.512239000289534
0.13872021064162254,3.0442507285624743,0.9999976782236984,0.0813751913335982,0.918624808665964
0.7580010923556983,5.604578973725438,0.9999996414839649,0.27719644825967504,0.7228035517166159
0.2331065759062767,4.965602196753025,0.9999999229098938,0.06925554521407723,0.9307443984634748
0.6471699120011181,4.338644393719733,0.9999954619780582,0.4533507679990937,0.5466492320008044
0.7908161897212267,7.726973977405578,0.9984219222107521,0.5506089243987058,0.44910552229201806
0.05962567147798836,5.034867078065872,0.99368229566755,0.09978992784517438,0.9002100721548256
0.2713635654654354,7.744704985525459,0.9438593700310004,0.1618793456855385,0.8380948810398853
0.46815392654389143,5.703698196448386,0.999999906720285,0.8673134312937898,0.1326865687062102
0.0053234819788485765,1.0924561298452318,0.777145691302942,0.7907265000983537,0.20764804709427315
0.8291414612904191,3.969910757150501,0.9999999996742948,3.591873910106092e-8,0.9999999640812609
0.6298004793934524,7.026288115885109,0.7597779160785867,0.6051819947037729,0.39481024858887087
0.6492357412353158,6.3871781271882355,0.983095772119411,0.03410942169913635,0.9658905779345218
0.8500917996279895,6.490432594437152,0.9999999984518396,0.3491966918659914,0.6347630551005803
0.9698327977675945,7.604098685551435,0.9999920003226423,0.42308104524989554,0.576918954745482
0.9148095238488168,9.100872040726244,0.9999999999426945,0.5548833680299152,0.44511653200345563
0.48108884575776756,0.70052056806162,1,0.7413977490757829,0.2586022509240591
0.787951102713123,2.6299782749265432,0.9999999999999873,0.7529961238912483,0.2470038513800793
0.20139898196794093,4.3641338078305125,0.9999999294223848,0.5018892537400034,0.49807890792359116
0.5618980745784938,2.664468795992434,0.9999999999999999,0.22109045702996757,0.778909475172378
0.46792919863946736,7.189289405941963,0.9989412926981345,0.42946922570504886,0.5705307742776331
0.48903407948091626,8.919228536542505,0.9978247767182573,0.35317178073030486,0.6468282186493546
0.1932890247553587,3.590406582225114,0.9995841205542372,0.024627061492405986,0.9753729384715425
0.4659534173551947,0.9939991449937224,0.9999999991812707,0.8432799937847122,0.15672000614370932
0.3999999563675374,6.364876553416252,1,3.493537714432251e-9,0.5131700590295017
0.11166101484559476,2.5330450758337975,0.9999919169921221,2.2090096139980097e-4,0.20202772637780894
0.6801234660670161,5.415037956554443,0.9999999999997337,0.9822141022507916,0.01778566006285033
0.4587177240755409,9.182865584734827,1,0.5099284202849383,0.49007157106904375
0.3032919247634709,2.0262134191580117,0.9079078904338351,0.9668912919672176,0.032725188050270276
0.6940775387920439,1.8106586462818086,0.9999999968468721,0.2453006994814053,0.7546988909225583
0.25908277928829193,2.7177093154750764,0.9999999999995117,0.5686012317004059,0.43139876829959267
0.38921560160815716,1.3948384602554142,0.9994236129184231,0.05830164728352949,0.8527223958839167
0.09812144772149622,2.6910805027000606,0.9974723833167252,0.21597316479270334,0.7840173691902904
0.3590085036121309,3.6560525349341333,0.9937439626361331,0.8758019197609057,0.12412534260941538
0.6060713077895343,7.441140923183411,0.9999948230526763,0.0964570170104975,0.9018642332266888
0.45861528581008315,9.970460233744234,0.9974612123432791,0.06120270611404264,0.9387972938836684
0.566743251401931,3.951694911811501,0.9999968181741565,0.009379496066143512,0.9906205005255939
0.49813434621319175,9.317097638268024,0.9999999983977486,0.1739543349298074,0.8260443751729868
0.4581314653623849,6.71401902101934,1,0.5246879506200263,0.4753120493799736
0.8229816579259932,6.598531324416399,0.9999239800932571,0.7866085466275972,0.21228551149611466
0.0038243073504418135,0.420696372166276,0.9999975189417883,0.03406597469973657,0.9444038991662788
0.2537481908220798,9.533830543514341,0.9999999794894874,0.9220895730318166,0.07791042696128932
0.1878623585216701,0.6002629525028169,0.9999992151525283,0.03746346406629833,0.9625365359337016
0.7282365032006055,2.4305159179493785,0.987145328084949,0.7666516375199116,0.002088277845982161
0.6359818072523922,5.052495857235044,0.99594923267229,0.9685611414973931,0.01051816696837736
0.4742771489545703,6.815511093009263,0.9999999990271713,0.1439124061005186,0.8560875738088926
0.9889603932388127,6.74093056935817,0.9951615027918409,3.240707485937906e-4,0.9996709450530771
0.9607717550825328,2.3109713988378644,0.9999999853113445,0.03261411468679702,0.9673858852897972
0.7201697758864611,0.7307268935255706,0.9996957437073792,0.03618507958061971,0.5702125471310476
0.35533451894298196,2.2723691281862557,1,0.1994932101552562,0.7572637291736536
0.8996004785876721,3.553306278772652,0.9999877220646586,0.005675767986850031,0.99432423201315
0.3171101752668619,3.7777318456210196,0.7530286707663307,0.9501816718749868,0.0498183281250132
0.9794396462384611,0.5372170358896255,0.9900397870201048,1.4462791336030542e-4,0.9049558821716135
0.8897105446085334,4.232747668866068,0.9999321717910501,0.2215662025374821,0.7784337649908747
0.8526594596914947,6.5415972215123475,0.9999999620063473,0.9693455232017634,0.03065447679823673
0.2723047183826566,9.286875592079014,0.9992251872205734,0.9261512332613041,0.07384876673869589
0.47944552334956825,1.6984748607501388,1,0.05342009806389621,0.9456989784037956
0.6939399680122733,0.43257439276203513,0.9999990258330469,0.3694120592952825,0.07634679539362901
0.9848859189078212,6.63378193276003,0.9999999888737962,0.04244256109283669,0.9571508688007023
0.5933183352462947,3.8850430119782686,0.999999997938914,0.010560129725078686,0.9894398702749212
0.4178207202348858,6.939762895926833,0.9901762925241112,0.19592666752770083,0.57103332794201
0.8964104086626321,0.4438462760299444,0.99984877055591,0.04737836888208222,0.9123401764798548
0.19938105158507824,7.234888449311256,0.9999976500020252,0.6228569626979656,0.37714220521075015
0.5714258034713566,5.220993268303573,0.8778662697944287,0.017053969129511647,0.977728025991416
0.30241060606203973,3.3934338856488466,0.999999794428899,0.6213706500111402,0.10923855445511128
0.11953527759760618,9.487825103569776,0.9993653601463391,0.45537807506179445,0.5443282530016984
0.08443929464556277,4.923876817338169,0.9654394253228105,0.010457970861474524,0.2959660934767538
0.33862533513456583,2.3448437778279185,0.9995044493781696,0.008659050864480485,0.6553617484289364
0.8853778538759798,2.5093181640841067,0.9989440423673983,0.38556113857681346,0.6144388614231865
0.5424897321499884,3.8860256713815033,0.9999996184356233,0.0104502020942494,0.9895496424302309
0.16826344304718077,4.976734316442162,0.9999921071274719,0.802261437299504,0.19662885385607137
0.038398590637370944,4.720937351230532,0.9999999999952691,0.36512971493944035,0.6346199753992794
0.09390278672799468,8.92225772375241,0.9999999999841679,0.5141541548413762,0.22851987961718753
0.5845584671478719,1.8550625280477107,0.9999999999999991,0.41076352053961274,0.571432358281201
0.4788703601807356,8.97946968441829,1,5.355629486887963e-5,0.4092453895897858
0.6712355550844222,4.888000437058508,0.999999045632939,0.07612581374842783,0.9217119536837365
0.5740896468050778,0.7605070993304253,0.9999999247642865,0.020695745785079697,0.9792983578159185
0.7837723467964679,1.615171644371003,0.7114859546960304,0.877658944877039,0.12234105511923003
0.009698680369183421,2.822400308214128,0.8431469300093635,0.6553560020987323,0.34461439719882053
0.7222660963889211,9.902481131721288,0.9999999999980508,0.03207861219991096,0.9678858668132084
0.14033851120620966,5.793728209100664,0.9998777556751998,0.6216160586749485,0.378383941303061
0.01655989489518106,9.382409579120576,0.9999995094201725,0.004116222185153862,0.9955585995042416
0.15114723751321435,9.029576450120658,0.9999999999986501,0.011733831399429918,0.98826616854152
0.9867167202755809,2.1467360388487577,0.989607639649191,8.12228217686915e-4,0.9991781221310985
0.24197111907415092,2.4827412236481905,0.999974585527026,0.32225501602758916,0.3378391761084908
0.9670282721053809,8.850452248007059,0.9989540153220218,0.04376015391915889,0.9562398460808411
0.6624466336797923,7.051464016549289,0.9999999999925481,0.4120537304658948,0.5879462695341052
0.6565985605120659,3.8889629091136158,0.9999999674713886,0.257948277565028,0.4566021294340566
0.7034147530794144,2.766484881285578,0.866379823230085,0.9488633572496825,0.05112166302285714
0.34711588243953884,8.750232013408095,0.9999999973215331,0.06886328084676381,0.9311367191532358
0.40683097508735955,5.9968705964274704,0.9999540028380284,1.1002523119024085e-5,0.9999889974768802
0.1990061525721103,1.3579122605733573,0.9999999999716919,6.609364805520696e-6,0.9999933906351944
0.6299266784917563,4.581395913846791,0.9999703333732946,0.009293842245782299,0.9240050578677415
0.89072659984231,7.264103924389929,0.9999962590608813,0.9095629795538088,0.08023463658585638
0.7086398422252387,8.0711584049277,0.99999999851509,0.1433862773675068,0.8560876753535908
0.6286182736512274,8.394783278927207,0.9999629588448269,0.20299255074452882,0.7692773669768095
0.9379262020811439,2.057363099884242,0.9999831695173108,0.11565733131672934,0.7175825279419056
0.20346974744461477,7.794921617023647,0.987376133612644,0.12508385533258554,0.8749161446673548
0.5685439726803452,2.2918306454084814,0.9999999994903133,0.024281338659195347,0.9753079126818106
0.7524643782526255,4.912398306187242,0.9596329778066311,0.03665299089605789,0.9633446277240023
0.8779826362151653,6.617883192375302,0.9871323263815789,0.06573508723748238,0.9342648366559589
0.6648920453153551,1.2645569955930114,0.9407516922779617,0.44374612158450305,0.009114403020568687
0.10713993199169636,9.768755142576993,0.9945952477203932,0.010841739470000913,0.9891582601426304
0.45160410297103226,5.992738583590835,0.9999768444004964,0.07666014928370196,0.8692013313452286
0.9228041570167989,8.214045441709459,0.9999999876356158,0.39429192306344385,0.605708076936175
0.9275678128469735,6.303009525872767,0.9999927744642289,0.13991600171657217,0.8593345835658138
0.21890220534987748,4.333124244585633,0.9999999999075397,0.6847791504274423,0.3152208493859846
0.8524122249800712,8.16279036225751,0.9999976072886294,0.010666702869747722,0.9892593304943438
0.14461737405508757,7.504348235670477,0.9999958196715478,0.0068896493657683786,0.712542103634701
0.05630679614841938,1.471203409601003,0.9982300565104572,0.7901470967174994,0.2098310494586102
0.7059963301289827,1.2518361350521445,0.9666457953193855,0.2085308671076064,0.7914539547186101
0.24552458454854786,3.904693331569433,1,0.635903654792688,0.35426659202646554
0.17876133951358497,6.3545215292833745,0.9969524446542832,0.3522459983579089,0.564760523510968
0.5608318205922842,3.8010356249287724,0.934870022458991,0.2764065756976552,0.2340845924308389
0.9214553746860474,2.0785854454152286,0.9999848515336665,0.014608339708559973,0.9846699519083644
0.22778666694648564,1.5145679097622633,1,0.8514435871654489,0.14855625539032238
0.25745322252623737,2.0259775849990547,0.9999999999767659,0.5545070799687358,0.4454929200312523
0.2702545542269945,0.787111185491085,0.9999994305620971,0.01393392820703199,0.9860632269839876
0.24926908779889345,9.76767371641472,0.997764389283889,0.6941454066865537,0.2781401198390242
0.0029521354008466005,4.4481532741338015,0.9996826040817972,0.9722655911784281,0.02770707327423441
0.7826495470944792,4.187963083386421,1,0.697953934668595,0.21833069133109104
0.7369584569241852,2.4004191998392344,0.9999998681379842,0.7716098619902828,0.228390138006875
0.5774075721856207,4.099204342346638,0.9957529167074173,0.023822212948498702,0.9761503486348038
0.3066255694720894,5.333931734785438,1,0.0047501648486404065,0.971371830772794
0.2732344155665487,6.941445446573198,0.9999999999851484,0.10359975900862214,0.8964002409405942
0.30752226314507425,2.9921757127158344,0.9999999257786237,0.21460205529063753,0.7853979066440651
0.45304856984876096,9.72604948328808,0.982981794873717,0.13842439678639135,0.8382278572596832
0.9040850726887584,7.628311733715236,0.9999999892264596,0.7209609087238712,0.27903813610060635
0.6204422400332987,8.798888842575252,0.8777209359823216,0.18155412670563487,0.8184458732143647
0.5354712149128318,4.763831787277013,0.999996676734461,0.01649561850019246,0.15751016198783882
0.3208017791621387,3.9975387370213866,0.9394579734665282,0.005846830036930909,0.9941476940407558
0.7952943423297256,2.828142342623323,0.9999999999999987,0.025124331755884806,0.9748756682441152
0.8651421873364598,0.0803950079716742,0.9999999999998621,0.8095985000392948,0.19040149732459927
0.3929434979800135,8.204224179498851,0.9999999922422625,0.04644124599015183,0.9535587540098481
0.41310115181840956,8.444076867308468,0.9970949980515357,0.16359052419581124,0.8352670668238193
0.6212775043677539,5.036860930267721,0.9999997529779969,0.3420976687462108,0.6363900088862899
7.552921306341887e-4,6.766730055678636,0.9999999914276494,0.5572030892906954,0.27705438836853225
0.8551668340805918,7.963593741878867,0.9664627963838168,0.11187892520504415,0.8881210747949558
0.5745287733152509,9.447715790010989,0.9754749184725315,0.9857847117828644,0.014214827318475832
0.8846891261637211,4.444637044798583,0.9999984377283001,0.4783073314998762,0.5063137340401828
0.5218929345719516,2.1893216483294964,0.9967728775897723,0.06733774018197541,0.9326622598180179
0.7584263763856143,0.9634312568232417,0.9999999970039225,0.23073497600812393,0.7550074708054376
0.3080802960321307,0.07944687968119979,0.8828214181777894,0.021962448593064836,0.9780375514069352
0.05513708130456507,1.4349297946318984,0.9970749419374101,0.04971773308279508,0.9321274824065843
0.715142633067444,3.0554914264939725,0.9078813953308364,0.6298896297968042,0.36984262534522977
0.5535772352013737,1.6983254184015095,0.7812484190347537,1.276174005373398e-4,0.9440195704509432
0.45391642744652927,3.577096927911043,0.9999988497123063,0.6075499651755351,0.37457632570158755
0.08090126980096102,0.7985788397490978,0.9872625831436006,9.875388177679094e-4,0.7276366923352544
0.5494646956212819,9.61240109987557,0.9999999883806827,0.7134779104266344,0.26552680196648576
0.32441234053112566,8.73378696385771,0.9999840842426251,0.6527435462102427,0.21951660264555195
0.23251329665072262,4.5423947321251035,0.9999269345688575,0.7516096074855975,0.2483903804387754
0.8494244434405118,3.474223765078932,0.9999324769055149,0.008115329061637528,0.9918846708660867
0.81523028598167,2.7787986397743225,0.9999999999992413,0.09993160582550098,0.8876905153782892
0.5078502597752959,2.4518496985547245,0.9999999999999469,0.46464419008069796,0.535355809919302
0.8344698436558247,4.724090637173504,0.9999999942428567,0.11002908936389864,0.8899709106361013
0.06504463241435587,6.846683747135103,0.9337508528131767,0.030649605503332712,0.014159838392949157
0.19835981912910938,3.9949907804839313,0.999993268648007,0.13525272179326991,0.43706073457505046
0.9408468606416136,3.504684616345912,0.9567837951780194,0.0063115975250681985,0.9936884024749268
0.5095584793016315,0.41150023927912116,0.9999999889547576,0.8109019509559751,0.0013731567857210422
0.4943989389576018,1.4558793813921511,1,0.02767337527773409,0.9720912694741416
0.22350062662735581,6.610216575209051,0.7556192524244734,0.07442730230737395,0.9255726976920929
0.13489359291270375,3.3756448631174862,0.9879962117475481,0.9983678837850333,0.0015666210066524995
0.7145293648354709,9.016338458750397,0.999982206615162,0.5881889713168809,0.4028031717577711
0.027345028007403016,4.2428442486561835,0.6087389721567761,0.16810561707072819,0.4924107621699502
0.799621046287939,3.8776132906787097,0.9999961222614061,0.08669198314805517,0.9133080168519448
0.18322267336770892,9.42787789274007,0.9999999797309974,0.03256599192541479,0.9674334588105666
0.01654495787806809,9.793959066737443,0.9999858660862516,0.8979684583983096,0.10203154160169037
0.4508360542822629,6.216968982480466,0.9996523174193304,0.9501360354710923,0.047907038721370865
0.8226073947735131,3.0039008893072605,0.999999777045705,0.05565301092075512,0.9443399094265277
0.3847751289140433,1.691905688494444,0.9634753074560654,0.018623941704807002,0.981376058295193
0.04214770067483187,7.326986936386675,0.9849714255125477,0.9709218340317451,0.018727392744718675
0.997197941178456,2.7289043460041285,0.9999999999942583,0.5196222571461723,0.48037774285336804
0.492020629812032,4.928622972220182,0.9952771509968943,0.6342372396388516,0.3025380889735561
0.5863035195507109,5.405340911820531,0.9999999999752899,0.09785248538012364,0.902147512629124
0.3831642968580127,1.025140485726297,0.9999999998220013,0.04809933869330395,0.9100454853439465
0.7310136947780848,7.288031501229852,0.8638660068202639,0.014002515864751207,0.9817607455156139
0.6575518837198615,8.23891547974199,0.9994452515197695,0.0016251558187232711,0.9827319701580568
0.07865197188220918,3.440620223991573,0.9999999999984097,0.12690625512612597,0.3900640844874875
0.9054678985849023,0.2097780187614262,0.9976075839928088,0.5545103628389169,0.4454892221282448
0.3641281023155898,1.3483446068130434,0.9999999935166861,0.2212792422832692,0.16061213233949073
0.8504554459359497,5.694019647780806,0.9999999897079381,0.015241949302788917,0.8661000035175016
0.012120825471356511,2.3034714022651315,0.9999910987692686,0.6359772980044822,0.019446657435124283
0.42887859698385,0.5484195542521775,0.9993828534083768,0.49104815463814094,0.43338011901132356
0.9267275528982282,2.515550786629319,0.9234356727718604,1.9563747513415804e-4,0.9998043625247999
0.9142781409900635,3.682135376147926,0.9009327209182878,0.005384587175314836,0.9940813030028962
0.7181814522482455,1.2285138759762049,0.9999992872755349,0.02623233820687199,0.973735793231123
0.5824836222454906,6.991174027789384,1,0.37267326993350525,0.6273267300319609
0.7227751335594803,9.330460869241506,0.9999999999989488,0.15276245030305202,0.8472375496969481
0.5099996274802834,2.3569201445207,0.9742510673654649,0.24295138888390297,0.009154389911366459
0.16487503051757812,8.576931012794375,0.9999099958187045,0.9022161783790035,0.07200923854793267
0.3839763579890132,2.3275960772298276,0.9999962423091645,0.5023336209966053,0.497469937670116
0.6753315655514598,9.082679788116366,0.9999972504023048,0.977868262000596,0.022125668497337686
0.4493059462402016,3.7238140706904233,0.9996382250254707,0.4499514337975114,0.5410570122782768
0.47870432771742344,6.581625381950289,0.8298159834267183,0.7341208094487419,0.265879190551258
0.3520789700560272,5.340928323566914,0.9990135594001327,0.09594335292155885,0.904056647078441
0.5351652933750302,3.714144444093108,0.9999999999999927,0.10532269349193192,0.8946773065080661
0.20536172413267195,6.093343519605696,0.9991574953017379,0.3193161944585059,0.6806792916449753
0.07226486876606941,5.1054971315898,0.9999995632484951,0.8333606528170725,0.16663934654906964
0.8101794661488384,1.1478671780787408,0.9999741471927849,0.16367233031816047,0.8362666439874883
0.6889440070372075,5.937958874274045,0.9999999849607687,0.812926067276659,0.18606593456494644
0.7882653053384274,6.3990918709896505,0.9999939200741963,0.23417970061678237,0.7658196063047851
0.03592014731839299,8.122806334868073,0.9999997079322889,0.3300271420963927,0.6699722615424789
0.04359586024656892,2.007764531299472,0.9997044636705422,0.47616892959254004,0.52383107040746
0.059203569777309895,8.773149757180363,0.8347702709448657,0.4472482211224498,0.5524248001598729
0.4828646306414157,2.4047516752034426,0.9999998299669876,0.24825668585667562,0.7277128889783296
0.059675322845578194,3.1282149301841855,0.9985176461397853,1.8462513933115915e-10,0.9999999998153748
0.9026825341861695,2.0619142474606633,0.8935530598138511,0.2995522450302808,0.6129305305025828
0.4406390185467899,4.296993126627058,0.9999818595161163,0.15171199172359856,0.8479867858780094
0.004217637935653329,7.04344941303134,0.9986533112760368,0.0038609135612773147,0.9961390864387226
0.620604838244617,3.0046770768240094,0.9992830497880014,0.005647260919549459,0.9943527385469386
0.7659913445822895,2.861999098677188,0.9999999748900871,0.5888862683578686,0.40841458773660666
0.4635864496231079,6.668266199994832,0.9874306763278392,0.006245054968508847,0.992893554714826
0.7024278694298118,0.1986736711114645,0.9571804555929021,1.0636698844531966e-8,0.9999999893633011
0.3672980929259211,8.689200549852103,0.9999999992966685,0.08197100752015872,0.9180289924777715
0.5654458350036293,8.435718948021531,0.9999999999999999,0.43969062552598026,0.004273708347485639
0.45463822432793677,7.61444712523371,0.999379317492586,0.4626188821822947,0.5315806868287003
0.47443378646858037,4.187493750359863,0.9957053959315901,0.05074878095649637,0.9492510797165203
0.6240585646592081,8.957611892838031,0.999999997838923,0.7171809268787803,0.2828190731212197
0.3501975217368454,3.8602265622466803,0.923312081689764,0.1810955043124191,0.8188997004876054
0.04785179439932108,2.164352387189865,0.9999997815752815,0.018296765976951564,0.981703205217811
0.3676664137747139,0.32705226447433233,0.9999982505283945,0.05825011246500672,0.9416683320864476
0.4804796625394374,9.1423443518579,0.9999999999780574,0.3895058916715627,6.931110312335237e-4
0.42517658951692283,6.480463985353708,0.9999999999999843,0.7138944515676348,0.11534558527891378
0.5670045621227473,4.025533634703606,0.9999999994279967,5.376534467293851e-4,0.9994537970919256
0.480273769935593,2.696992615237832,0.9999999967795726,0.875232298544253,0.0870170323208254
0.8290841055568308,5.863839501980692,0.9833373246579911,0.03817661116361303,0.38000532357667005
0.445278239203617,8.084674321580678,0.7377388840299692,0.9981689405419395,0.0018279790003683856
0.026464198948815465,8.91004094388336,0.9981540417841989,0.14667492973776536,0.16427106011469486
0.766515776515007,0.7068620435893536,1,0.903577724254227,0.09642214926927388
0.3486314823385328,3.966970993205905,1,0.03566348796999073,0.9641322979670783
0.7990980993490666,4.767244555987418,0.9999993171867666,0.9357222515719783,0.04393363946780051
0.28835782664828,1.3682079873979092,0.9999986509971996,0.7888228281369317,0.1936863267082124
0.37023144657723606,4.353516811970621,0.532581496087273,0.3514493096017997,0.6485506903874222
0.5100070438347757,1.7518813023343682,0.9999999667279637,0.2941783922038206,0.5708440150924105
0.9537784880958498,2.6826198771595955,0.9971635523974502,5.1248668173351735e-6,0.10424415878500982
0.9481276355218142,2.936408561654389,0.9999591330016137,0.04070888626683523,0.9592911137331648
0.610872860532254,9.449781309813261,0.9998422970509139,0.11163999071890933,0.8850495478750783
0.7602841716725379,8.802839610725641,0.9999999742585957,2.049659193016535e-4,0.9997712245476543
0.5887845112010837,4.753359148744494,0.999999318249859,0.31751864960894155,0.6821815307199167
0.432728213025257,0.8010944281704724,0.8797549723371362,0.440741117224686,0.5592588750685588
0.6772382922936231,5.624973785597831,1,0.014453912239128536,0.868910893743807
0.6047627057414502,8.046202482655644,0.9597635548769577,0.742146766378921,0.2578532336124073
0.26255769096314907,6.308785297442228,0.9999999999951165,0.0016207504699149936,0.9983792495300848
0.787887919228524,2.9646805487573147,0.9791759581850535,0.8342603506645833,0.16573964933541663
0.21573955821804702,7.06097049638629,1,0.973451828411527,0.02654711233863459
0.7993289083242416,2.782672557514161,0.999999999990339,0.033087808806025215,0.9593232500919516
0.3658230775035918,6.629951728973538,0.9996858613375706,0.3513003963342651,0.6486874084068166
0.6118675365578383,0.2160610118880868,0.999999975255988,0.4419371687150737,0.5580628269358813
0.7916707042604685,6.939718706998974,1,0.44628308627689056,0.553716913721293
0.16679703211411834,8.991911101620644,0.9999999956586918,0.7660765091798774,0.1927429644198544
0.7643785080872476,3.845138109754771,0.9999156777894573,0.8762929436239497,0.12370705457794827
0.9588453155010939,6.463980893604457,0.9999975639991535,0.2595835377022356,0.0035210235592303073
0.24941331264562905,5.458143767900765,0.9999986820988904,0.9970694403483673,0.0029300788642173618
0.10158631764352322,4.651188037823886,0.9483104572029287,0.02873118018753538,0.971268819807468
0.26717815874144435,4.941395395435393,0.9999999904176146,0.0011655028923679839,0.9988344971076321
0.5111884034704417,5.02297809580341,0.9952732189473682,0.03694613100568968,0.9630538677804605
0.9622247975785285,9.46181510342285,0.9999996379139567,4.314543450267434e-4,0.9729697217575232
0.9536308324895799,0.07953582564368844,0.9999999701827731,0.8391620517626358,0.16083794534411772
0.5952893218491226,7.479477163869888,0.9999999999988459,0.1797800185490661,0.820215298663241
0.034673417918384075,9.361225732136518,0.8952172959933818,0.1547243306953946,0.8452756693046054
0.07110922830179334,0.9712233254685998,0.9990080561534707,0.006720221143443554,0.4405023904480084
0.7402512556873262,3.6878999252803624,0.9889233332602346,0.1092335125688441,0.03753743002657075
0.16693544224835932,8.506682764273137,0.9999999999996727,0.7358793756702402,0.2637893470722113
0.5406789348926395,3.008237765170634,0.9999999190063595,0.0037185578136330897,0.9785940462257957
0.5027177792508155,0.18272565910592675,0.9999990504410846,0.008295956483281951,0.9917040435166181
0.9052770885173231,9.039784837514162,0.9999999998012837,0.4153331695942055,0.581538718842664
0.3470444823615253,5.198685168288648,0.9997681372362229,0.022551751040823007,0.9774482489591733
0.14115751069039106,3.3602467831224203,0.9999998271707939,0.9873767333995236,0.012623262920954378
0.17682614247314632,8.957199179567397,0.9999998568452753,0.0968923089864973,0.9021620298388953
0.577595088398084,6.973138456232846,0.9960355962454289,0.0015390293447245364,0.9984609706552424
0.1995790177024901,4.7120052902027965,0.9268679181921845,0.008286367316928278,0.9915331024356319
0.9900534637272358,7.795166426803917,0.9976136346356431,0.6475396929129574,0.3524603070870427
0.7623894230928272,5.533111663535237,0.99999999999582,0.19153218165047214,0.8084678163048156
0.1795907646883279,0.9930241666734219,0.9686298585542394,0.7321822233140156,0.26777444223475305
0.2641397579573095,6.260070821736008,0.9999204078419341,0.6332003078984748,0.3667895674869084
0.7859872074332088,7.322678363416344,0.9991426649127428,4.983139446871333e-4,0.9995016860514244
0.2762748359236866,7.393500453326851,0.9999998955063504,0.6943173587750794,0.30568264122492067
0.6333031901158392,7.3020605044439435,0.9999965574784644,0.7623954573404403,0.23760242084306119
0.01146444445475936,9.823104161769152,0.9567170920560193,0.9712987741476472,0.0016734926707835675
0.0024069459177553654,6.8257518438622355,0.9999999559221484,0.44077032014711487,0.5326224485869226
0.12077566073276103,3.65171130746603,0.994509394513029,1.3255776383021487e-4,0.9998674422185653
0.7634792651515454,1.392571700271219,1,0.7213191384256552,0.04011011392178298
0.9006423936225474,7.742751601617783,0.9999999999707346,0.7688511113954483,0.2311488884801067
0.3196233625058085,9.728165082633495,0.9999991827499835,0.17774876373294932,0.6796786367311444
0.6846240358427167,5.634515155106783,1,6.01674981303847e-4,0.9993965280011928
0.08394477469846606,5.411974915768951,0.9999999999999222,0.550401725218402,0.4491767200621788
0.6168773982208222,1.6626872518099844,0.9180486767745573,0.19214065302179534,0.16175659815351562
0.5882939812727273,2.449547548312694,0.9999999998717747,0.0020286000123496007,0.9850329775286862
0.6119282497093081,3.844014967326075,0.9997858591256281,0.04033726042309809,0.9596619399663239
0.3520385005977005,5.449938613455743,0.9999999999879506,0.04331265060942278,0.6560831032689943
0.6896024527959526,2.1548979682847857,0.9975547386577508,0.25753110248231564,0.6337653266537635
0.7506864897441119,2.404678661841899,0.9999997177690012,0.45679577384397946,0.5124569870471404
0.9611264765262604,7.892352356575429,0.9999360201886084,0.011281740375339298,0.9876451120896794
0.028302435763180256,7.807755421381444,0.9985691228840882,0.10106289948283259,0.8989371005094682
0.24981278460472822,7.607670924626291,0.9999996595624304,0.006123378726382536,0.9938766212736174
0.6729406155645847,5.153665335383266,0.9216380976347862,0.23758055557256216,0.7624194444274379
0.7126699306536466,7.384644804988056,0.99999293790124,0.9303693500025424,0.06963064999745698
0.10120331542566419,5.929886479862034,0.9910668942086186,0.24219687927671465,0.7578031196878461
0.13390868320129812,2.0581717998720706,0.9999968769762473,0.01702655077569257,0.9806077661205139
0.07613779068924487,9.137715236283839,0.9999999363437065,0.027231992171050684,0.972753444627945
0.3966980646364391,4.051299742422998,1,0.19707474399096186,0.802925256009025
0.8149722793605179,1.6233540163375437,0.999799277739904,0.7831543658571367,0.1527600290807575
0.36990486341528594,6.243723637890071,0.9999999996747392,0.029796982118111937,0.666575899012917
0.8337916466407478,5.047910427674651,0.9999999999999842,0.5383633222625793,0.42528351094260136
0.25885383249260485,6.150042864028364,0.9998744358457193,0.38439026736270876,0.1215114478595704
0.4216929494868964,3.2245968468487263,0.9999999998211324,0.3856345229256898,0.6136073152945405
0.0508653256110847,9.713824298232794,0.8139953027737975,0.7019957848329341,0.2980042149875314
0.7836869403254241,4.490435926709324,0.9999998745639245,0.001031623730970782,0.9984093646105339
0.9094905047677457,4.972045202739537,0.9997097327334667,0.0302536048110476,0.9697461640728282
0.9581177118234336,2.077751737087965,0.8772883909803524,0.23942071057729344,0.7605792894224994
0.6706011479254812,1.5738208685070276,0.9735271900405831,0.1064528147116018,0.8935454819765708
0.04116846830584109,1.9191319588571787,0.9999971508584001,0.02980266749515548,0.9278150390676029
0.7048137118108571,7.527736406773329,1,0.11931713912277667,0.8806828339437887
0.6571528553031385,6.740256568882614,0.9461684609974125,0.12289022073876892,0.840687371771788
0.8373351914342493,0.17666233936324716,0.984126613794757,0.23291988964963725,0.7670774325066603
0.9892990849912167,7.890078769996762,0.9999057747861981,0.32281202514377266,0.6771879748555077
0.39524339349009097,1.5840089740231633,0.9999998519899119,0.33267096069647445,0.6673095226403715
0.4006409039720893,5.097770250868052,0.9945519217269063,0.740418661778153,0.2595446073251563
0.5477638649754226,6.213702459353954,0.9996199098476709,0.9001476811021435,0.09983050658694706
0.11379478080198169,5.80487682018429,0.9999999996256805,0.41522545303583225,0.584771579271225
0.4112408496439457,2.349320095963776,0.9764028608437417,0.859180283047092,9.330647607928485e-4
0.5061793341301382,2.9047982837073505,0.9600643220063431,0.665786790643281,0.3342132093357423
0.6327087751124054,2.665098365396261,0.999973654460743,0.0073902323288862265,0.9916896073630901
0.7738383496180177,2.8668784233741462,0.9999996546733371,0.4975312823951435,0.5024687176048565
0.6098343057092279,5.091781327500939,0.9999987891215739,0.7612129558341835,0.23776330750040445
0.05856356956064701,9.894318452570587,0.9999999694315781,0.14735174414547375,0.7777868001130089
0.36100419401191175,6.196392243728042,0.9995619331945368,0.15080455182340755,0.8491819257733435
0.9266248990315944,7.534528067335486,0.9820513621778785,0.580179934398419,0.4198200656015692
0.6701518634799868,1.218009719159454,0.9999984492490903,0.814144885581263,0.18584558595859813
0.90710987476632,7.805696984287351,0.9978652040764026,0.4600255831082184,0.5373711593063298
0.8246285787317902,5.433931399602443,0.9999999999956494,0.6030438485801614,0.3969561514198387
0.3883605732116848,0.7878196099773049,0.9224066686958619,0.3073060351507924,0.692693611614546
0.928549632197246,6.987594589591026,0.999999998794644,0.012084358146009158,0.946266012077704
0.42039772775024176,3.6246230104006827,0.9999969106602252,0.7697179587754521,0.23028204122454762
0.7600122939329594,3.148185252211988,0.9997698804339008,3.131223107006687e-5,0.9999686873954632
0.8282164575066417,9.148741129320115,1,0.015758272622700947,0.984241727377299
0.431933089857921,1.5351127344183624,0.9230266155544401,0.5364863491113603,0.4634925341931448
0.4047415517270565,3.752790584694594,0.9998441704448408,0.956634855136441,0.03727754010552001
0.3011176267173141,4.1873142519034445,0.9998843802413099,0.015001724840118053,0.9849982750905598
0.3134442316368222,4.64185013435781,0.9999954333594044,0.21085995602331956,0.7891400220017034
0.19266185257583857,3.1791156250983477,0.9999999620999006,0.054887575216113045,0.9451124246989582
0.9239876354113221,4.001605079974979,1,0.9105355951437109,0.08503449814363956
0.8073543375357985,2.3518337379209697,0.9990275753559997,0.9068941269881313,0.0931044553517582
0.4420900046825409,6.882365217898041,0.9999999999999993,0.8413520290617165,0.046365244229117857
0.5662138692568988,5.097282528877258,0.9999943632164161,0.03168363055742086,0.9683163681587279
0.6232639462687075,6.066814411897212,0.9999999902045771,1.2974383118201904e-5,0.9150352453565995
0.5655121137388051,4.654856340494007,1,0.5051194988148247,0.4502706553938052
0.6460318244062364,0.9413281898014247,0.9999998673118596,0.08088514900760976,0.919114709780399
0.3633036578539759,8.118744280654937,0.9808931180713591,0.8795294341073162,0.12024935582126026
0.8522482034750283,1.8885937170125544,0.9999999999972128,0.07149555950491243,0.7437346532285685
0.4179307036101818,8.82896191207692,0.896913629648027,0.7044742618951367,0.29552573784309394
0.29810397233814,4.338578737806529,0.9999936676648449,0.2220619248367395,0.7779380751437884
0.8798234502319247,7.537214062176645,0.9999996681004413,0.5416421192355934,0.4583571482376198
0.7027285196818411,8.600592096336186,0.9919990653236693,0.2203455675565216,0.779654420665744
0.9145100680179894,7.442314955405891,0.9994385743634302,0.879694530454398,0.12030546954560188
0.12727121054194868,4.244147276040167,0.8202770995521851,0.17782441565730892,0.8221755809089197
0.8974008325021714,1.2911753146909177,0.9809654283565982,0.5497580599483632,0.37803901256806705
0.42073679040186107,3.8993972283788025,0.9863725252862756,0.5874612955704469,0.41253870442955315
0.4887299365364015,4.920125158969313,0.9998661635094326,0.15429545580228432,0.8383447026930746
0.7618979848921299,8.484341343864799,0.9934101242350925,0.050158735841118726,0.9498412641588091
0.9765309486538172,9.417925421148539,0.9999998509104947,0.09332282879897748,0.9065476317646295
0.9081002161838114,9.474925226531923,0.9999999969480244,0.017549095241083886,0.9823899219881227
0.4903140594251454,3.444273758213967,0.9999999607897153,0.1994532002904108,0.7933297359860746
0.4050099307205528,1.5036252560094,0.9805091090601381,0.3512924565283363,0.6486955192301724
0.0448267397005111,1.4887761394493282,0.9999999984554234,0.22714384661728745,0.7728559122135099
0.03518677921965718,3.5245844232849777,0.8333586720307607,0.13842090899055076,0.861579091006399
0.7936049229465425,7.513531383592635,0.9073783121267633,9.466298078138492e-5,0.825360857967077
0.10524584236554801,4.621241053100675,0.9999999999999827,0.06554669783342666,0.9344533021662439
0.3056274331174791,6.851588268764317,0.999999999999676,0.9562140286992981,0.04378594326559427
0.36383799463510513,1.5736118028871715,0.9678221743995516,0.07458224220481906,0.9253789231512106
0.036935040494427085,5.19893596181646,0.9999999999999982,0.0013383797532956268,0.9986616202467045
0.8784455310087651,3.3128444151952863,0.9999985946341147,3.646090125368393e-5,0.9999625383922491
0.9613715605810285,1.4725916227325797,0.9999999999999998,0.019686389749492862,0.9803119320966968
0.41991632292047143,1.074108649045229,0.9999999999625875,1.7294769789554194e-5,0.9999754223609981
0.7027625842019916,1.205360610038042,0.9999995052971499,0.32922392911030013,0.5519062982387479
0.1262540491297841,6.06660968856886,0.9999942724270156,0.7625164260017795,0.23748357399822048
0.6980406537186354,2.2093229764141142,0.999827281723819,0.01176158328320033,0.9882384167167997
0.8022315949201584,9.728303402662277,0.999999999868283,0.999142676535561,8.572801267687374e-4
0.9898859255481511,5.536433104425669,0.9999999999973292,0.5878661160587494,0.41213388394039535
0.05673699756152928,8.63858304452151,0.9998628981907529,0.1965517616725045,0.8033112738510036
0.4525382053107023,7.614890988916159,0.9358877452099443,0.9423404308909875,0.057517693472169215
0.35369226476177573,8.976446010638028,0.999999999842318,0.2557182716929107,0.744239579382001
0.22730901674367487,8.956690300256014,0.9999999997513965,0.5670622043374547,0.3891531671547556
0.2813696595840156,0.13290061615407467,0.9537825863613828,0.7532527190933058,0.24670820567295823
0.15913295629434288,7.523934310302138,0.9162752348261936,0.39913924807684176,0.6008607519231582
0.31894459552131593,3.7601975398138165,0.9999739236115693,0.8212159246760234,0.17878407516743863
0.7508329362608492,0.32844557194039226,0.9922679332506227,0.05890725075058677,0.9198145735684934
0.7056767214089632,0.1009015622548759,0.9999973577221238,0.03241145487513955,0.9335037630917961
0.8975530508905649,5.932935273740441,0.9797209685578202,0.4410262554964193,0.5589689059564494
0.019073365023359656,0.666481158696115,0.9999721147232127,0.2710222142005553,0.7280485301251668
0.6807552292011678,8.699952843599021,0.9999744045960882,0.9925534318857929,0.0072329544460347514
0.8172515293117613,7.906148273032159,0.9999999999999968,0.004547884693619385,0.9954521153063799
0.24274730891920626,8.692734972573817,0.9331939556295128,0.9650258307586889,0.034974169241311165
0.5705178019125015,5.468620522879064,0.9919996654209866,0.017327785055551784,0.9826722149444482
0.7418164585251361,2.8472818760201335,0.9997609281728111,0.9984009154572602,0.001599084542584552
0.10047006560489535,7.615365658421069,0.8354694836622906,0.13347177117771167,0.8665282288222883
0.07753589935600758,7.246465962380171,0.9999996546931158,0.9404966403005006,0.059209011507336505
0.17973103583790362,0.6568683218210936,0.9999972668194808,0.2877655669440908,0.7122325718864855
0.8075710129924119,3.2035626843571663,0.9999999999999896,0.9453921800528281,0.05460781982270053
0.09227536269463599,0.38360973354429007,0.9995866741182776,0.00194346481840877,0.9960984312158254
0.730397678213194,1.2538911122828722,0.9999999999977804,0.7776699234297733,0.22233007404287428
0.14503153832629323,9.970965660177171,0.9961580374954536,0.8118982966674273,0.18810170333257276
0.7051275889389217,5.634881155565381,0.8136984021785398,0.15481974602415755,0.8451802539212795
0.5451746734324843,1.370805916376412,1,0.9699083393988889,0.030091657036414754
0.3278513471595943,3.063701530918479,0.9914919132097066,0.30777583988194995,0.6922240180153778
0.06402736506424844,1.547511585522443,0.9999968598686415,0.11069331810419689,0.8893066818958031
0.584666992072016,3.2596901361830533,0.9999511979522201,0.2210833553869079,0.7789166394049765
0.33658716827630997,4.813712555915117,0.6397663107381613,0.37105882181300254,0.6289358038788742
0.7971116253174841,7.1856592781841755,0.9998942154478325,0.07643654245808715,0.923563457520557
0.4284077435731888,9.79744982207194,0.9959739072015154,0.05213875849969951,0.947861241500296
0.9051793420221657,2.536328036803752,0.9830044728496026,7.193697219089507e-4,0.999280561416573
0.1981150098145008,9.888564285356551,0.9999999812280923,0.9404517179458515,0.012538019382887816
0.1938691691029817,9.546423475258052,0.9999999956681019,0.6095709522203474,0.39042595786449413
0.9599441008176655,0.9840118698775768,0.9927503885629763,0.0016043143526113129,0.9983956856473885
0.243736362317577,8.16836399026215,0.5624767713330403,0.6965459631608334,0.3034540368391657
0.25172371696680784,9.548355503939092,0.9083826612442664,0.09868538487836127,0.9013146151216042
0.321251219836995,3.6166794202290475,0.7929565302534507,0.33814345031343296,0.661837725363978
0.7083565909415483,5.094745212700218,0.99999545131403,0.08681577296896156,0.913184216760354
0.6086270359810442,5.56787671521306,0.16057792853739783,0.7419253051281999,0.2580746948718001
0.8322668049950153,9.027295464184135,0.9577877108841736,0.0020438832021643484,0.9979561164425063
0.7396325508598238,9.781919710803777,1,0.039153491829974574,0.018081357309544053
0.415809971280396,5.303879657294601,1,0.14963337812917385,0.4797404494990527
0.08559190295636654,7.578774131834507,0.9961985028986252,0.1231465422130165,0.8768534577869834
0.4924149210564792,5.00594915356487,0.8354160781697176,0.07876796309377787,0.921232035412105
0.31614361610263586,7.899996531195939,0.8786622155257431,0.8422816544955447,0.15771834051412076
0.4139096480794251,3.169922053348273,0.999998166007179,0.7803668430181934,0.16628046876222255
0.7866317403968424,8.295215358957648,0.9999994454143672,0.7116399158944057,0.2883600841055942
0.6634935217443854,0.21007828414440155,0.9998208993987036,0.04529569421103571,0.9547043057889643
0.46320927469059825,6.017585163936019,0.9996815414152951,0.7574961245922711,0.24234050832723114
0.49687668890692294,3.848640255164355,0.9999999999999748,0.5688797457252902,0.29424866153319723
0.3559560268186033,3.52105455705896,1,0.297060327831263,0.702928755220796
0.16319120675325394,7.017246799077839,0.9999999999999988,0.5362345576426499,0.04463953145073278
0.32473437092266977,3.2959428150206804,0.7875012273976671,0.40945615063797736,0.5905438461231081
0.40647570020519197,0.5673631327226758,0.9903856744459755,5.574981024381299e-4,0.9994319712158337
0.5519397845491767,5.4324945085681975,0.9999952603590027,0.016292380086617347,0.9837072385844339
0.06914735143072903,3.865990499034524,0.9999995176640846,0.25833721021947653,0.7408357784774089
0.9243898394051939,0.19970733439549804,0.7696022662840482,0.5057354967444335,0.4900512414789407
0.009190131910145283,5.2778989262878895,1,0.021388528489761034,0.978611471510239
0.8758757810574025,1.1694401036947966,1,0.7867013970048817,0.2132986017828743
0.14788004755973816,5.414036975707859,0.99312137387087,0.9078500392167088,0.006985160860860578
0.8161672980058938,4.559211628511548,0.9999999999563259,0.4455094735502265,0.5544905264495885
0.6796878748573363,9.260872453451157,0.99999999565854,0.9992480701289778,7.519298710222238e-4
0.3310694710817188,0.8278072555549443,0.7539769644673876,0.35253579645364336,0.6464424305288481
0.30767389410175383,3.2690202561207116,0.993654108136843,0.09538462356189925,0.9046153764337924
0.22031227871775627,8.82857407676056,0.9952313661781076,0.9614022666830644,0.03859773323259187
0.20380642171949148,5.311884984839708,0.9607704415166337,0.9998434582041705,1.5653958204011963e-4
0.8425582388881594,8.219429007731378,0.9152806934639102,0.8594974569366683,0.1402716640697611
0.14550528256222606,3.70519703021273,0.9999999998071439,0.9280156346068696,0.07198352969745014
0.9963447311893106,6.913902219384909,0.9999268877411258,0.5216413595939159,0.4773992577390024
0.18193203513510525,5.7146533858031034,1,0.6168817854285312,0.022706245400255873
0.9107464326079935,4.294014142360538,0.9999652129661267,0.07235389950489692,0.927646100495103
0.6362519806716591,9.072879075538367,0.9997846299957235,0.2977732272021846,0.7022267727028012
0.04552424559369683,1.5928027615882456,0.9999998761018931,0.15905495192441133,0.8302085335342747
0.8308930394705385,9.6906592370942235,1,0.26343326109118276,0.7365667388837459
0.7477793551515788,9.355830531567335,0.9999258353908754,0.4609613702398544,0.5389591081153581
0.40803180960938334,0.4791165445931256,0.999993896982648,0.9696142183252712,0.030385781674728784
0.505301772383973,5.752062045503408,0.9999999999859284,0.9070018755691776,0.09290515088587613
0.12824348197318614,9.770900954026729,0.9999999999999057,0.2906847075420599,0.7093152728295639
0.23659363179467618,2.0971994707360864,0.7018033440571831,0.9241767497372001,0.07582324853480396
0.7234820788726211,8.815371561795473,0.9998562948669767,0.3775768034842403,0.6224231857460254
0.3980929416138679,9.372753114439547,0.9561245543923148,0.028812704067325952,0.971187295932674
0.633737679105252,5.033931934740394,0.9999933987911471,0.27480760955465716,0.7251923904453429
0.05309902550652623,3.4824591083452106,0.9999999999999285,0.16608885547097083,0.5396303724627415
0.3233204421121627,6.79674681276083,0.9999996143919877,0.36566164449372257,0.6318955917872054
0.7510268639307469,5.979634374380112,0.9871111881723614,0.001657291300398652,0.9859466328271678
0.5125862434506416,2.930346776265651,0.9814823857473922,0.7019840569880813,0.2980159323191139
0.9800976298283786,8.877686150372028,0.8713070678178264,0.04686287654721886,0.8563002050474239
0.8517498185392469,0.7989387609995902,0.9553299386271261,0.9017249245341323,0.09824660172515523
0.10620530368760228,6.00680067203939,0.9999994627514169,0.10614400442260617,0.8938559955217464
0.8719011219218373,0.48122711945325136,0.9822339396850063,0.22090306393517103,0.7790969254610187
0.6728546915110201,5.5524578504264355,0.9999956749346854,0.9591523663024963,0.03744006954731206
0.9056781341787428,7.438866035081446,0.9999976552819886,0.05192179116584959,0.9480782088334926
0.9697855222038925,7.0157799776643515,0.9999980925984613,0.0033149806055064977,0.9966849968253235
0.5782089363783598,5.120572340674698,0.9999496861674664,0.9552635679883996,0.04473643197688058
0.5596374955493957,4.4661373645067215,0.9999999999996808,0.06730590896082526,0.932693256639073
0.7805631409864873,1.5161635330878198,0.9999999999996777,0.8058208882488368,0.19417911175116326
0.0981536996550858,0.8342999941669405,0.9986214933327431,0.8506000514090288,0.14922877477360474
0.7639614809304476,0.14404241694137454,0.8741432494181222,0.054837656958288086,0.07801705143325376
0.2540576960891485,2.6415521698072553,0.9999999999997533,0.2845900817443987,0.7153906871481442
0.3993932867888361,7.026066419202834,0.9999660090859644,0.5264474399297295,0.4735525599864753
0.3511560682673007,3.3041597926057875,0.9993382232909483,0.9807293985143473,0.018142490906378893
0.8340429323725402,3.2801395654678345,0.9855406311919369,9.006195013714868e-5,0.6470781855765241
0.7221207241527736,1.6656054789200425,0.5888060352285432,0.02582770332300971,0.9741722966769903
0.39739808393642306,9.55738369608298,0.9999347631640018,0.008990503688616668,0.9910094955172569
0.8340902524068952,5.873164676595479,1,0.02562229965422785,0.9739056757693924
0.32881717244163156,8.135965543333441,0.999999988732696,0.8609057956683337,0.13905767443676567
0.049940996104851365,7.2706076060421765,0.9999999766270216,0.9278738099954594,0.07212589909607953
0.6332238437607884,7.957534953020513,1,0.5288244777912112,0.4711755222085934
0.4495607567951083,5.172719021793455,0.9999999557104128,0.7762803776570215,0.2237192588226989
0.4658955039922148,1.520581857766956,0.999999752079323,0.9708664990318399,0.029133500968160066
0.5367048038169742,0.529008184093982,0.8589822840295096,0.0011476794824146763,0.9919001635508863
0.25177373527549207,0.4015402914956212,0.9998475353298681,0.27519156193247396,0.0927958348919028
0.6128181447274983,0.037110261619091034,0.9999951566930934,0.14298662465732515,0.45602553170907423
0.9867486369330436,9.268627653364092,0.9999999890773116,0.7234348044867295,0.20540548776523065
0.6171697264071554,9.165540346875787,0.9999999999965914,0.009190455345204157,0.9908093687662635
0.3074404215440154,9.710996428038925,0.9999999999999953,0.9911586025160035,0.008841378901923476
0.8896997449919581,7.869949908927083,0.9999895344206101,0.3775920848650097,0.622406955676778
0.4005333515815437,7.336332171689719,0.9964414293354614,0.1117705129610028,0.8882289332479137
0.7571107998955995,9.237314683850855,0.7010326164400215,0.07322456552560877,0.9267754344743911
0.9105298088397831,6.741309885401279,0.9980194840854291,0.34962752359757954,0.6503724764024205
0.9702186181675643,4.624640445690602,0.9999999691096815,0.0922762515246219,0.9077237484753781
0.23902292642742395,5.353144078981131,0.999708178775216,0.0071543257826059935,0.11658188712309311
0.5389545469079167,2.9778920765966177,0.9999991757668035,0.6541260092103959,0.34559185669909265
0.8569050682708621,2.873938288539648,0.9625449289011984,0.025819085391133995,0.974180914608866
0.39176041120663285,2.7835580380633473,0.9657212595964552,0.44859340860827257,0.5514065411382121
0.24976578657515347,4.589802173431963,0.9999999770084174,0.026949324698911852,0.6017588063703582
0.33365840348415077,6.813284803647548,0.9999999959539957,0.8178033907678481,0.18219408713534269
0.2683056630194187,5.498179371934384,0.9999999999968758,0.2651148318305103,0.729273403113764
0.1924948119558394,0.6000347761437297,1,0.5402623487541787,0.45973731137293244
0.9326123213395476,2.0472935866564512,0.9999988467858458,0.4861496580480462,0.5138503323410005
0.05038198875263333,0.7959013013169169,0.9999999977148799,0.9983126979983282,0.0016872791027541204
0.7366373594850302,4.708668664097786,0.9999989080309322,0.9998106309744902,1.7356840443209345e-4
0.3325847287196666,9.567730547860265,0.9987772758784007,4.6381128350422455e-4,0.9995361887164959
0.4234443560708314,2.957105338573456,0.9999999999998788,0.48534221834090874,0.5146577816021871
0.9592823036946356,9.8692588461563,0.9988234856204076,0.5499872459913961,0.41320261064235625
0.6227509560994804,5.2247860305942595,0.998883234460411,0.016879174967499192,0.5056274620318777
0.20755010563880205,2.941365980077535,0.9927788627848495,0.7340633206737929,0.2659366793262034
0.40698769851587713,7.8136977693066,0.9974694796699116,0.35041078650445584,0.649289608194057
0.20572718675248325,3.6962934397161007,0.9999999999999998,0.4786078795435848,0.04699493334272649
0.5256612647790462,6.568985194899142,0.9996798701760866,0.030610695205647777,0.9693878618572294
0.10063125402666628,0.9594212239608169,0.9957943816574191,0.046672289934426396,0.9533277100655694
0.1841662924271077,1.3369995774701238,0.999999994680313,0.010557417540768744,0.9862199865247927
0.044678400037810206,6.001521605066955,0.9999937272410436,0.5325638059982587,0.46728855281507503
0.3709665038622916,7.2108533047139645,0.9998224450968203,0.9306815224491872,0.06901501994479667
0.13497678260318935,8.540669339708984,0.9998453105131453,0.04316038716781803,0.9547081718226431
0.7816101533826441,9.857006222009659,1,0.07733825088383191,0.9225918428676999
0.7853386141359806,5.714669201988727,0.9999984751908717,0.008368067926005408,0.9916319320739946
0.4340327181853354,9.39658623188734,0.8003210679076479,8.885053064927902e-4,0.0017467318806975217
0.2845035195350647,5.614062661770731,0.999993391878301,0.06317236389966036,0.803342731069384
0.9832294681109488,7.413050036411732,0.9999986069765981,0.5881835277876553,0.40804503251048346
0.23271610960364342,5.777747090905905,0.9999823031617066,0.036553768374105865,0.21989527921939833
0.7959278447087854,8.17540728021413,0.9999959204036862,0.5652950791517247,0.4347049208482753
0.2579507934860885,8.598810385446995,0.9999267942606723,0.999301844237732,1.2840861165776623e-4
0.10555379139259458,4.753114343620837,0.9643341380501657,0.5117046844817948,0.4849578370503223
0.3858531843870878,9.632735440973192,0.9974274723381513,0.0013353797634161225,0.9986646201848707
0.7344643624965101,3.3592495904304087,0.9999959055192622,0.5998090652864544,0.4001909347133689
0.27358117303811014,8.803458204492927,0.9992827143372649,0.0556841173176649,0.49749022568582574
0.40572555968537927,2.2335287486203015,0.9999999999496569,0.002104959956528807,0.7340593212033519
0.6987010343000293,5.340163677465171,0.9808194334118087,0.6320463447405394,0.3582794376124959
0.26564540644176304,8.368413962889463,0.9999992325384504,0.0245654634341826,0.9754341501447114
0.9734305101446807,6.351512996479869,0.999999999986949,7.723326429282234e-4,0.24221804845880257
0.3091901435982436,8.590190277900547,0.9998426354709553,0.30966558607474926,0.6824372476797776
0.4648324721492827,5.235363228712231,0.9999999999779513,0.0017887986664695218,0.9982112013335306
0.6469291495159268,9.738927916623652,0.9999099148368116,0.4761739676314544,0.5238260323685061
0.6661318386904895,8.384497335646302,0.9999996839778369,4.9895599925014434e-5,0.9988457268178773
0.9946750267408788,9.586897746194154,0.9965119756801697,0.4651731423186234,0.5348268576813766
0.26701911725103855,5.126046556979418,0.9882749211974259,0.16101794983899922,0.8125502872660871
0.5222951900213957,6.2663657939992845,0.9527297574028233,0.014474919306302637,0.6076874723107009
0.890593646094203,1.6733595822006464,0.9999999999967584,9.680796729342011e-5,0.9999031918628055
0.848271204624325,3.1103493086993694,1,0.033666182527417716,0.9656611252402496
0.8902537147514522,0.7479421212337911,0.9999954659112532,0.7145132552820744,0.2143034949566747
0.029463365441188216,2.852588533423841,0.9926506190362572,0.2106603792990381,0.32751277078378804
0.8455249047838151,8.17308809608221,0.9999652982114872,0.051830820695764945,0.09060201660301313
0.8778441455215216,0.09602417703717947,0.9131143930790374,0.08812933940807921,0.9118696840657763
0.329088564729318,2.3140750266611576,0.9997216057183226,0.08724734541760663,0.8676559148791696
0.42467188695445657,0.2404754003509879,0.9999999999999435,0.9140033727534587,0.08599662724654131
0.2970333765260875,2.37001032801345,0.9977270256047751,0.019868991985973916,0.980131008014026
0.40401496505364776,6.153577631339431,0.9999999999998282,0.281518477292458,0.6151719790782232
0.8043474338483065,9.352859421633184,0.99707306890570635,0.7346938833669309,0.26530611261758263
0.882025352679193,2.406388111412525,0.9998768370790829,0.4485170628815829,0.5514829371184171
0.3311598023865372,6.779677229933441,0.9999484562728937,0.6073387297412308,0.058864243318181055
0.26510923565365374,5.303401167038828,0.999656760465642,0.4957599344370755,0.5042400655628956
0.424821013584733,6.032988259103149,0.9953238261782263,0.06091682468871603,0.939083175311284
0.43330244487151504,2.4320110422559083,0.999919680224663,0.9103180053727361,0.08968199457182183
0.858504128176719,5.2363146911375225,0.9999999999998186,0.8866586019831681,0.11334139801683189
0.9964541078079492,1.0987684037536383,0.9981603838112498,0.291574365769964,0.6836169365984254
0.1602610656991601,1.113330191001296,0.9999999986975817,0.11813848168312509,0.8815649776538884
0.42096519749611616,8.874264475889504,0.8069758794819982,0.3385617587434756,0.6614382412388691
0.263050579931587,1.2713833735324442,1,0.4364800111280951,0.563519941173861
0.1473821762483567,5.9748786967247725,0.9999969331929386,0.08489092405543255,0.9084353068999017
0.018419085070490837,3.8118739193305373,0.9999999999441621,0.09544829657603747,0.8551340446885829
0.3334954301826656,6.742442236281931,0.9999999778794177,0.6128717698865759,0.38712822956260295
0.8370072965044528,1.680255876854062,1,6.374261519805671e-5,0.999936257384802
0.11945569701492786,2.3955766134895384,0.9999999455972639,0.05853409087862731,0.9413606434617267
0.029772511683404446,1.709394259378314,0.9854305041210879,0.9715541268233625,0.02844587317218901
0.14750545984134078,8.963211302179843,0.9999860716685798,0.9086022459615246,0.09139775403847543
0.4523888959083706,3.5380159690976143,0.9953487746898935,0.3124852763516698,0.6875134136784098
0.9353268670383841,0.6987241539172828,0.9975098969334107,0.03975107464878717,0.909302987444838
0.961978959152475,5.781546109355986,0.9999999999999853,0.9270642200420539,0.07247237730977792
0.7793615348637104,4.908337504602969,0.9964455309751803,0.6115120302159812,0.3884879626566769
0.32712146267294884,3.258297962602228,0.9994922842978748,0.594422873274414,0.39462440508148694
0.45183712569996715,5.776612332556397,0.999947227369419,0.05515223481735183,0.8216208648816965
0.768348656129092,3.9986829878762364,0.9987056422830435,0.13048321890293965,0.8695167810780583
0.011847301153466105,3.2908576144836843,0.8873605193844385,0.7422035909841725,0.25204201436552337
0.1598643388133496,5.770782541949302,0.9996028646818071,0.18225048034878452,0.3277853611404974
0.6358362319879234,7.867283932864666,0.9999788018776361,0.12898926129487098,0.871010738705129
0.5789445079863071,5.145801382604986,0.9998615409001429,0.726863877727976,0.27313612104922264
0.10782946296967566,0.347830958198756,0.9999980466561446,0.9484837213666029,0.051516277851461866
0.16019267169758677,7.975114069413394,0.9999999998733745,0.99534869854385,0.004651301456149946
0.5603700024075806,4.16412852704525,0.9999999710498068,0.4663327984266143,0.5336665919013228
0.03221174143254757,1.9783437182195485,0.9293797597820491,0.001797808279614572,0.9982003103470883
0.4804574344307184,2.6336711435578763,0.9999999998988891,0.6685704830071441,0.33142951099221307
0.8258793074637651,3.5815402842126787,1,0.003603854921641981,0.9963960595334934
0.3787293564528227,9.318802058696747,0.9999999181821168,0.012407224221496609,0.9872775506305184
0.8076829141937196,8.629192274529487,0.858840510407786,0.8777372464478994,0.12226275355210055
0.9210639242082834,7.8565041976980865,0.994655482535764,0.06439181290200306,0.9356032256200593
0.6335902207065374,3.6335886688902974,0.9993421958527885,0.05397207987798492,0.8177227141228264
0.7712160246446729,5.662291150074452,0.9999999667590587,0.9704800641857899,0.029519806917600967
0.6754325146321207,0.4363214527256787,0.9999751750360013,0.8362182504893481,0.16213013307826532
0.8704689901787788,8.235561405308545,0.9999993527998923,0.7224160469410996,0.2775396834950135
0.9065742429811507,4.722877072636038,0.9720552909564882,7.837556862737134e-4,0.9992162443137262
0.32914507552050054,6.570858005434275,0.9969396683731625,0.024687519191750815,0.17293499874375137
0.9285490224137902,7.100497093051672,0.9999996917065251,3.210629508428497e-4,0.9989753744701699
0.6115427743643522,7.537409523501992,0.9961273932612043,0.0557806820464889,0.9440480623112822
0.6959209772758186,7.470879966858774,0.9988733450186064,0.8532290824132048,0.14386057316323675
0.4831353786867112,7.711970102973282,0.9999999996790411,0.011038561693551975,0.9889398344814075
0.6889505004510283,4.8356636124663055,0.8563954839603061,0.47012892300460396,0.529871076995396
0.26302461163140833,3.7506753648631275,0.9999999850981818,0.7595900507245978,0.2395722651758779
0.28407083451747894,5.8217114745639265,0.9919987279691233,0.2671145170038978,0.7328854829961022
0.9780525853857398,1.4178728451952338,0.9999999999527615,0.2808293194582857,0.6493305738466881
0.23406656458973885,4.590025257784873,0.9999999669152864,0.8153906383816101,0.18460936161838987
0.5096128860022873,7.293810418341309,0.9999889178808181,0.3804862353874784,0.6195137645291463
0.6339540125336498,9.331567061599344,0.9999991487516795,4.641155433515038e-4,0.9995344083259932
0.08245603903196752,0.583780724555254,0.8078989329607643,0.05998810328543223,0.9400118966904366
0.9624338583089411,5.19226502161473,1,4.5009503915749985e-4,0.999549535502329
0.4025312301237136,0.2706337603740394,1,0.05517168316970927,0.9448283168229383
0.27902683103457093,5.793922902084887,0.9999999999980068,1.5182296053013646e-4,0.9998481024296495
0.23740129079669714,3.8717737328261137,0.9999999925421161,0.004568406492541571,0.995431593455074
0.6090758484788239,8.535215619485825,0.9652556755690639,0.9454557653573387,0.05409208985357708
0.6210790048353374,9.386176399420947,0.9999996860019738,0.03985162823252249,0.9601483396209259
0.8204181408509612,7.670816434547305,0.9999924057141395,0.8196993775234582,0.16256426297548557
0.2837696806527674,0.710011760238558,0.975129023624764,0.7579215234713447,0.08986910055633811
0.8715331067796797,7.583140437491238,0.9999958835919661,0.20921815996544998,0.7907810747722991
0.6973892862442881,7.09193081362173,0.9584867662139543,0.07357059493150962,0.9264292838532046
0.1924939565360546,0.2092485874891281,0.9787222121701556,0.7783758427378197,0.2216241572621802
0.6018990406300873,6.399237867444754,0.9998656235661817,0.40138525121158863,0.4280222573285853
0.679952492704615,6.877125657629222,0.854695320115489,0.0013722247325805288,0.9986277752674194
0.9769919295795262,4.466511739883572,0.9999999979566323,0.5321126574762175,0.4678867629690542
0.6837381112854928,0.8375837304629385,1,0.0782731819460161,0.9217268180539645
0.03759231115691364,6.2510497705079615,0.9999999999340586,0.017735241778902754,0.9822647582210973
0.46180059551261365,7.217884149868041,0.9964159423910167,0.8801917746358427,0.11978511827964518
0.34328658343292773,9.710665696766227,0.9998547362234961,0.2357720556041832,0.7642279062882319
0.8092929285485297,0.302503677085042,0.9053741260253368,0.0024863118671183,0.9975136881320408
0.9145952879916877,1.4039655635133386,0.9999999996759756,0.005270270911181729,0.9947297290888182
0.41675047553144395,8.338135357480496,0.9999528130391897,0.3799264495326462,0.6200731691802824
0.5261255893856287,1.314302810933441,0.9999106606686421,0.44812709189593725,0.5518729081031637
0.05655558779835701,9.882176695391536,0.9946853694419469,0.03391654142092316,0.9660834581804415
0.5748556444887072,6.500856983475387,0.999999696694842,0.8828807479794004,0.11711925202059963
0.8546263398602605,9.920879006385803,0.9954878167737696,0.22482456570927875,0.7436000235453178
0.5612259355839342,6.968854581937194,0.9999999997431946,0.4683128942716565,0.5316871057283434
0.8900452116504312,2.85541785415262,1,0.18901654271922153,0.8109834572805659
0.6343520553782582,4.724185464438051,0.94518275070232,1.1405577995695605e-4,0.9998859442200431
0.9572973495814949,2.604113561101258,0.9966610737440919,0.7790775502934788,0.2209221694786606
0.668758332496509,0.09697915287688375,0.99754795937833185,0.22223117116280605,0.1954095081894877
0.7618864926043898,9.867237671278417,0.9998798757474264,0.5071715444779651,0.0863270762480576
0.7814934824127704,4.830577175598592,0.9999067519990887,0.9352152739023678,0.06478472609763222
0.3376591713167727,1.0254231188446283,0.9999997554657909,0.3788122094626654,0.6196107978541324
0.2527696460019797,3.3093805192038417,0.9998158238791661,0.24780907120043535,0.7521909287993309
0.21832042559981346,5.13138099340722,0.999999946101135,0.7414335798059416,0.25856109173032804
0.28592822002246976,2.79444616753608,0.9999999989443661,0.8111324788380998,0.18886752113603855
0.19169570482335985,2.149083681870252,0.9999980814915868,0.07592928739055137,0.9075895003623061
0.34873912925831974,5.2389884809963405,0.9959986329278853,0.8188767678464877,0.16542833838713822
0.5823903053533286,5.730205369181931,0.9995292298409003,0.17830723999653025,0.8216927600034697
0.608495987020433,9.894862184301019,0.9766236805106653,9.446920336979248e-5,0.9999055305897924
0.7874340624548495,9.22419116133824,0.9971111548613195,0.8405353113689195,0.1594646886310794
0.49983028532005847,8.754098387435079,0.9999999999999946,0.39331211912961106,0.015671616284226603
0.13714597467333078,2.276630410924554,0.9999943524016627,0.0966119788200298,0.9033880207478008
0.2770508024841547,1.5441784309223294,0.9999999999998892,0.22616827070288642,0.7738317292971136
0.7079451608005911,5.742283014114946,0.9871745289591681,0.8320341620107731,0.16796583798922696
0.12621327838860452,8.485308871604502,0.9992890470073552,0.27679474939800086,0.7232052506019991
0.4147179527208209,0.1350167323835194,0.9999992554916776,0.35756217957731057,0.6424367408575581
0.12544660619460046,9.308597065974027,0.9999369141064149,0.12282401184697186,0.8771354271658078
0.6441874806769192,1.9104360626079142,0.9895559378750377,0.2735393012805011,0.7264606912489288
0.8374166158027947,8.272237838245928,0.9999999994860428,0.30829945599638126,0.6689569913710751
0.010120848659425974,8.551434150431305,0.9999999988753887,0.5694379394454794,0.4305416561968911
0.649796282639727,6.733192435931414,0.999999999833237,0.15452726229373034,0.6205997630819554
0.883319822140038,5.4136809799820185,0.9752139705959154,0.1363743677450944,0.8621426731746404
0.4905892813112587,9.398605399765074,0.9975082680085553,0.29191216919937063,0.7080878307992126
0.9957242312375456,8.6644422612153,0.9999999999998658,0.9795673898485207,2.1264914691885098e-4
0.5366960526444018,6.074704236816615,1,0.03019696347536445,0.9698030365246356
0.15414712275378406,5.437531447969377,0.639860720094359,0.2083748074518363,0.7700832124697188
0.013511869590729475,0.8810907322913408,0.9999999999938503,0.48534781538056815,0.5146425600483876
0.15842128335498273,6.452814603690058,0.9916359701096404,0.9670850156662583,0.03265956873600182
0.693756049266085,7.028895744588226,0.99999393142626,0.2543047363225531,0.6533854411586696
0.196296826004982,1.8221588199958205,0.9922893092729559,0.7341684131598804,0.07453067183915821
0.7974729309789836,3.2047869567759335,0.9999969777470106,0.10022435515812549,0.8997756448298907
0.863121337024495,3.461764776147902,0.9999516195457329,3.2327781043840434e-5,0.9997792283493521
0.933231060160324,0.22774211363866925,0.9966388444982571,0.3557676886389658,0.002345248367394567
0.14258249197155237,6.063399147242308,0.9844034175814992,0.0029779868410407845,0.45480781205373133
0.8632558039389551,4.547819751314819,0.9999999999999998,0.9959458149178833,0.0040541850821150084
0.8741970085538924,4.095531238708645,0.9999962432427978,0.0019473646660746243,0.9945362284648764
0.20214955578558147,4.899650770239532,0.9117009583875143,8.494894077920244e-4,0.9799317619736813
0.03887614351697266,5.95653418218717,0.8023979707119437,0.9213892658955406,0.0786107327750128
0.9355691184755415,0.8498642733320594,0.9999999923102562,0.9143748857845185,0.0856250767100802
0.9654662474058568,4.329658888746053,0.9997318157835235,0.8502837106171739,0.14971628936658085
0.08370797988027334,0.08661882020533085,0.9999850907803434,0.4156358285944236,0.5843641714043791
0.37546420423313975,3.084213112015277,0.9999803579701925,0.9716320446707937,3.1757627344730513e-4
0.5875946299638599,2.3402682784944773,0.9916217030631701,0.9485537215873274,0.0220974478268284
0.426549905911088,2.013164965901524,0.9999999996060516,0.5306173614315456,0.46938127738826513
0.45752483047544956,0.9383256174623966,0.9953384967997132,0.9644695795506425,0.035409115551601596
0.45389687758870423,5.0674852333031595,0.9999999994662133,0.26253911899141896,0.7374608809943222
0.004794902866706252,0.8697242802008986,1,0.27128015289787094,0.7287198471004908
0.5996266412548721,5.402152806054801,0.999999993465116,0.002303630152957592,0.9976963690384876
0.6105168729554862,8.840540156234056,0.999999999998074,0.30090933345238496,0.6990906665476149
0.7060109972953796,6.560873768758029,1,1.424597395985672e-4,0.9998575399434972
0.9832789213396609,1.4920029160566628,0.9988824881422576,0.0074016406546315115,0.99259812813594706
0.5302135178353637,3.24642235878855,0.996076452482549,0.6580969102436167,0.3419030897563832
0.40501041198149323,8.784938540775329,0.9999999626646414,0.3870036410430735,0.6129904872386525
0.04199054790660739,4.537413835059851,0.9790924941381336,0.012695334291009351,0.9394361277530099
0.9881443148478866,4.249574816785753,0.9994115352239064,0.003926304350349451,0.9960736956496505
0.5837446774821728,9.579826795961708,0.9999985159117755,0.07500743652036437,0.9249915592537825
0.17708429927006364,8.837339452002198,0.9999999998185343,0.24633870774803562,0.7536612922519643
0.40971752000041306,6.728438870050013,0.9999999999595129,0.9983185369899861,0.0016813064837866527
0.2365029917564243,1.6105922823771834,0.9807733990675914,0.0022639508858567693,0.9977360491141433
0.5712261858861893,3.1573479273356497,0.9978004973849867,0.6948436655207438,0.30515390339734433
0.1549369995482266,8.873219527304173,0.9999620451883807,0.05128118622846408,0.24244499354652851
0.10962207219563425,0.43693674728274345,0.8920655896236782,0.2637084090797611,0.7362915909202384
0.11057585384696722,9.911808036267757,0.9782252590979622,0.9787514895723055,0.00819817904699111
0.9353019269183278,0.49764617811888456,0.9767383671685138,0.00884472364127119,0.9911552763587277
0.8978100751992315,8.367197383195162,0.999999995994024,0.015167488425283806,0.2795399180105782
0.18634039303287864,4.52916040783748,0.9643654082738256,0.07027556103038189,0.8077922050233565
0.5829864349216223,6.347730255220085,0.998216669673192,0.08437782994067251,0.5538606997944494
0.3435332807712257,2.7913415734656155,0.9999999999999747,1.9154032154918582e-4,0.9998084596784497
0.6475732617545873,3.5130751226097345,0.9894847028417745,0.004781319282446104,0.9952186807175468
0.11635710392147303,9.788040227722377,0.9980362921261028,0.346494877292323,0.3772433906552606
0.8982034951914102,6.613466569688171,0.9998991781707878,0.29267150960741717,0.7073284903925334
0.9561120215803385,8.175915551837534,0.9999987546497942,0.3141687105671919,0.6858312894328081
0.6893022258300334,2.5116215320304036,0.9999999999985991,3.6250761756849743e-6,0.9999963749238243
0.4244733720552176,5.735973408445716,0.992289210611545,0.27599454051148803,0.7238959360164301
0.2385327599477023,6.116195593494922,0.9999626402997502,0.9810744042850621,0.01892559571493678
0.4775826488621533,8.634039212483913,0.9999551894358192,0.025602817074144156,0.9743971641823318
0.8003742073196918,6.672389896120876,0.9838739405971975,0.7450159610573125,0.20031270394735556
0.05000224011018872,2.0364972902461886,0.9439843307043326,0.5639382790393435,0.43606169608946893
0.6138283028267324,6.233118996024132,0.9999731316079107,0.8201099312015504,0.1798834907284057
0.8179636169224977,6.927923760376871,0.9991129551069337,0.09194004971309411,0.9080599501768295
0.4885335611179471,2.461033915169537,0.9999823583374707,0.8460212743348373,0.13647554272342027
0.3286129510961473,8.245854694396257,0.9999968864915558,0.1371678018141993,0.8628321981857983
0.923663885332644,7.738262000493705,0.9877900711946466,0.6597172128361849,0.34028278697248365
0.44989007036201656,4.57834052387625,0.9999999996024708,0.12612217002484558,0.8738777945500554
0.983052150812,1.1722548981197178,0.9999868027155626,0.7935030680786567,0.20649692356050584
